0,0,0,4,00,00,0,0,1,000,0,0,0,0,0,0,0,0,0,0,0,0,0,0,0,0,0,0,0,0,0,0,0,0.700,0610.0,0000,0,0000,0
0,0,0,0,08,00,0,0,0,000,0,0,0,0,0,0,0,0,0,0,0,0,0,0,0,0,0,0,0,0,0,0,0,0.700,0610.0,0000,0,0000,0
0,0,0,0,00,00,0,0,2,000,0,0,0,0,0,0,0,0,0,0,0,0,0,0,0,0,0,0,0,0,0,0,1,0.400,1320.0,4880,2,0000,0
0,0,0,1,00,00,0,0,2,000,0,0,1,0,0,1,0,0,0,0,0,0,0,0,0,0,0,0,0,0,0,0,0,0.699,0610.0,0000,0,0000,0
0,0,0,0,00,50,1,1,0,000,0,0,0,0,0,0,1,0,0,0,0,0,0,0,0,0,0,0,0,0,0,0,0,0.600,1320.0,0000,0,0000,0
4,0,0,1,00,00,0,0,3,000,0,0,4,0,0,0,0,0,0,0,0,0,0,0,0,0,0,0,0,0,0,0,1,0.800,0610.0,0762,0,0000,0
0,0,0,1,00,00,0,0,2,000,0,0,1,0,0,0,0,0,0,0,0,0,0,0,0,0,0,0,1,0,0,0,0,0.699,1320.0,0000,0,0000,0
3,1,0,0,00,00,0,1,3,000,1,0,4,0,0,0,0,0,0,0,1,0,0,0,0,0,0,0,0,0,0,0,1,0.600,0609.9,0001,0,0000,0
4,0,0,1,00,00,0,0,3,000,0,0,4,0,0,0,0,0,0,0,0,0,0,0,0,0,0,0,0,0,0,0,0,1.599,0610.0,0000,0,0000,0
0,0,0,6,00,00,0,1,0,350,0,0,0,0,0,0,1,0,0,0,0,0,0,0,0,0,0,0,0,0,0,0,0,0.900,0610.0,0000,0,0000,0
0,0,0,0,00,80,1,1,0,000,0,0,0,0,0,0,0,0,0,0,0,0,1,0,0,0,0,0,0,0,0,0,0,0.500,0029.0,0000,0,0000,0
2,0,0,0,03,00,1,1,0,000,0,0,4,0,0,1,0,0,0,0,0,0,0,0,0,0,0,0,0,0,0,0,0,0.500,0610.0,0000,0,0000,0
0,0,0,1,00,00,0,0,2,000,0,0,1,0,0,0,1,0,0,0,0,0,0,0,0,0,0,0,0,0,0,0,0,0.400,0610.0,0000,0,0000,0
4,0,0,1,00,00,0,0,2,000,0,0,4,0,0,0,0,0,0,0,0,0,0,0,0,0,0,0,0,0,0,0,1,0.800,0610.0,4880,0,0000,0
1,0,0,0,00,85,1,1,0,000,0,0,0,0,0,0,0,0,0,0,0,0,1,0,0,0,0,0,0,0,0,0,0,1.000,0020.0,0000,0,0000,0
0,0,0,4,00,00,0,2,2,000,0,0,0,0,0,0,0,0,0,0,0,0,0,0,0,0,0,0,0,0,0,0,1,0.301,1320.0,4880,1,0000,0
3,1,0,4,00,00,0,2,1,000,0,0,4,0,0,0,0,0,0,0,1,0,0,0,0,0,0,0,0,0,0,0,0,0.800,0250.0,0000,0,0000,0
3,1,0,0,00,00,0,1,3,000,1,0,4,0,0,0,0,0,0,0,1,0,0,0,0,0,0,0,0,0,0,0,0,0.600,0609.9,0000,0,0000,0
3,1,0,0,00,00,0,1,3,000,1,0,4,0,0,0,0,0,0,0,1,0,0,0,0,0,0,0,0,0,0,0,1,1.600,1220.0,0612,0,0000,0
3,1,0,0,00,00,0,1,3,000,1,0,4,0,0,0,0,0,0,0,1,0,0,0,0,0,0,0,0,0,0,0,1,1.200,0335.0,0611,0,0000,0
0,0,0,2,45,00,0,1,0,000,0,0,4,0,0,0,0,0,0,0,0,0,0,0,0,0,0,0,0,0,0,0,0,1.090,0610.0,0000,0,0000,0
0,0,0,2,65,00,0,1,0,000,0,0,4,0,0,0,0,2,0,0,0,0,0,0,0,0,0,0,0,0,0,0,0,3.200,0640.0,0000,0,0500,0
0,0,0,0,00,00,0,0,2,000,0,0,1,0,0,0,0,1,0,0,0,0,0,0,0,0,0,0,0,0,0,0,1,1.600,0150.0,0762,0,0000,0
0,0,0,0,00,00,0,0,2,000,0,0,1,0,0,0,1,0,0,0,0,0,0,0,0,0,0,0,0,0,0,0,0,0.700,0610.0,0000,0,0000,0
0,0,0,0,00,60,1,1,0,000,0,0,0,0,0,0,0,0,0,0,0,0,0,0,0,0,0,0,0,0,0,0,0,4.000,0050.0,0000,0,0000,0
0,0,0,2,45,00,0,1,0,000,0,0,4,0,0,0,0,0,0,0,0,0,0,0,0,0,0,0,1,0,0,0,0,0.600,0610.0,0000,0,0000,0
0,0,0,2,45,00,0,1,0,000,0,0,4,0,0,0,0,2,0,0,0,0,0,0,0,0,0,0,0,0,0,0,0,2.300,0900.0,0000,0,0600,0
0,0,0,0,00,00,0,0,2,000,0,0,3,0,0,1,0,0,0,0,0,0,0,0,0,0,0,0,0,0,0,0,1,0.600,0300.1,0762,0,0000,0
4,0,0,1,00,00,0,0,2,000,0,0,4,0,0,0,0,0,1,0,0,0,0,0,0,0,0,0,0,0,0,0,1,0.800,0610.0,4880,0,0000,0
0,0,0,1,00,00,0,0,3,000,0,0,1,0,0,0,0,0,0,0,0,0,0,0,0,0,0,0,0,0,0,0,1,0.600,0610.0,4880,0,0000,0
4,0,0,1,00,00,0,0,2,000,0,0,4,0,0,1,0,0,0,0,0,0,0,0,0,0,0,0,0,0,0,0,1,1.599,1500.0,4170,0,0000,0
3,1,0,0,00,00,0,1,3,000,1,0,4,0,0,0,0,0,0,0,1,0,0,0,0,0,0,0,0,0,0,0,1,0.600,0610.0,4880,0,0000,0
0,0,0,0,00,45,0,0,0,000,0,0,2,0,0,0,0,0,0,0,0,0,0,0,0,0,0,0,0,0,0,0,1,0.300,0610.0,0761,0,0000,0
0,0,0,0,00,00,0,0,3,000,1,0,3,0,0,0,0,1,1,0,0,0,1,0,0,0,0,0,0,0,0,0,1,0.600,0610.0,0762,0,0000,0
0,0,0,3,70,00,0,1,0,000,0,0,4,0,0,0,0,0,0,0,0,0,0,0,0,0,0,0,0,0,0,0,0,3.200,0609.9,0000,0,0000,0
3,1,0,0,00,00,0,1,3,000,1,0,4,0,0,0,0,0,0,0,0,1,0,0,0,0,0,0,0,0,0,0,0,1.600,0610.0,0000,0,0000,0
0,0,0,1,00,00,0,0,2,000,0,0,1,0,0,0,0,0,1,0,0,0,0,0,0,0,0,0,0,0,0,0,1,3.200,0150.0,0762,0,0000,0
0,0,0,0,00,00,0,0,2,000,0,0,1,0,0,0,0,2,0,0,0,0,0,0,0,0,0,0,0,0,0,0,0,3.500,0610.0,0000,0,0600,0
0,0,0,0,00,45,0,0,0,000,0,0,2,0,0,0,0,1,0,0,0,0,0,0,0,0,0,0,0,0,0,0,1,1.600,0610.0,4880,0,0000,0
0,0,0,1,00,00,0,0,2,000,0,0,1,0,0,0,0,1,1,0,0,0,1,0,0,0,0,0,0,0,0,0,1,1.200,0150.0,0612,0,0000,0
3,1,0,4,00,00,0,2,1,000,0,0,4,0,0,0,0,0,0,0,1,0,0,0,0,0,0,0,0,0,0,0,0,1.600,0610.0,0000,0,0000,0
0,0,0,0,00,60,1,1,0,000,0,0,0,0,0,0,0,0,0,0,0,0,0,0,0,0,0,0,0,0,0,0,0,0.799,0020.0,0000,0,0000,0
0,0,0,0,00,00,0,0,3,000,1,0,1,0,0,0,0,0,0,0,0,0,0,0,0,0,0,0,0,0,0,0,1,0.601,1320.0,4880,0,0000,0
4,0,0,1,00,00,0,0,3,000,0,0,4,0,0,0,0,1,1,0,0,0,0,0,0,0,0,0,0,0,0,0,1,1.599,1320.0,0762,0,0000,0
0,0,0,4,00,50,1,1,0,000,0,0,0,0,0,0,0,0,0,0,0,0,0,0,0,0,0,0,1,0,0,0,0,0.451,1320.0,0000,0,0000,0
3,1,0,0,00,00,0,1,3,000,1,0,4,0,0,0,0,0,0,0,0,0,0,0,0,1,0,0,0,0,0,0,0,1.600,0610.0,0000,0,0000,0
0,0,0,7,00,00,0,0,2,000,0,0,4,1,0,0,0,0,0,0,0,0,0,0,0,0,0,0,0,0,0,0,1,0.700,1320.0,0762,0,0000,0
0,0,0,0,00,00,0,0,3,000,1,0,1,0,0,0,0,0,0,0,0,0,1,0,0,0,0,0,0,0,0,0,0,0.601,1220.0,0000,0,0000,0
2,0,0,3,00,00,0,1,0,700,0,0,4,0,0,0,0,0,0,0,0,0,0,0,0,0,0,0,0,0,0,0,0,1.000,0609.9,0000,0,0000,0
3,1,0,4,00,00,0,2,1,000,0,0,4,0,0,0,0,0,0,0,1,0,0,0,0,0,0,0,0,0,0,0,1,0.500,0609.9,0612,0,0000,0
4,0,0,7,00,00,0,0,2,000,0,0,4,2,0,0,0,0,0,0,0,0,0,0,0,0,0,0,0,0,0,0,1,0.800,0610.0,4880,0,0000,0
0,0,0,0,00,00,0,0,2,000,0,0,0,0,0,1,0,1,1,0,0,0,0,0,0,0,0,0,0,0,0,0,1,0.700,0610.0,0762,0,0000,0
0,0,0,0,00,45,0,0,0,000,0,0,2,0,0,0,0,0,0,0,0,0,0,0,0,0,0,0,0,0,0,0,1,0.599,0520.0,4880,0,0000,0
0,0,0,0,00,00,0,0,2,000,0,0,1,0,0,0,1,0,0,0,0,0,0,0,0,0,0,0,0,0,0,0,0,0.700,1320.0,0000,0,0000,0
3,1,0,0,00,00,0,0,3,000,1,0,4,0,0,0,0,0,0,0,0,0,0,0,0,0,0,0,0,0,0,0,0,1.600,0609.9,0000,0,0000,0
0,0,0,0,00,70,1,1,0,000,0,0,0,0,0,0,0,0,0,0,0,0,0,0,0,0,0,0,0,0,0,0,0,0.600,0610.0,0000,0,0000,0
0,0,0,0,00,00,0,0,2,000,0,0,3,0,0,1,0,0,0,0,0,0,0,0,0,0,0,0,0,0,0,0,1,0.699,1220.0,4880,0,0000,0
4,0,0,1,00,00,0,0,2,000,0,0,4,0,0,0,0,0,0,0,0,0,0,0,0,0,0,0,0,0,0,0,0,1.599,0609.9,0000,0,0000,0
0,2,0,0,00,70,1,1,0,000,0,0,1,0,0,0,0,0,0,0,0,0,0,0,0,0,0,0,0,0,0,0,0,0.600,0610.0,0000,0,0000,0
0,0,0,4,00,70,1,1,0,000,0,0,0,0,0,0,0,0,0,0,0,0,0,0,0,0,0,0,1,0,0,0,0,0.800,0050.0,0000,0,0000,0
0,0,0,4,00,00,0,0,1,000,0,0,0,0,0,0,0,0,0,0,0,0,0,0,0,0,0,0,0,0,0,0,1,0.300,0610.0,0761,0,0000,0
0,0,0,0,00,00,0,0,2,000,0,0,3,0,0,1,0,1,0,0,0,0,0,0,0,0,0,0,0,0,0,0,1,0.600,0520.0,0762,0,0000,0
0,0,0,0,00,00,0,0,2,000,0,0,1,0,0,0,0,0,1,0,0,0,0,0,0,0,0,0,0,0,0,0,1,0.300,0610.0,4880,1,0000,0
0,0,0,0,00,00,0,0,2,000,0,0,1,0,0,0,0,0,0,0,0,0,0,0,0,0,0,0,0,0,0,0,0,0.700,0610.0,0000,0,0000,0
1,0,0,0,00,80,1,1,0,000,0,0,0,0,0,0,0,0,0,0,0,0,0,0,0,0,0,0,0,0,0,0,1,1.600,1320.0,0612,1,0000,0
0,0,0,1,00,00,0,0,2,000,0,0,1,0,0,0,0,0,0,0,0,0,0,0,0,0,0,0,0,0,0,0,1,0.699,1320.0,4880,1,0000,0
0,0,0,6,00,00,0,1,0,350,0,0,0,0,0,0,0,0,0,0,0,0,0,0,0,0,0,0,0,0,0,0,0,1.399,0609.9,0000,0,0000,0
0,0,0,0,00,50,1,1,0,000,0,0,0,0,0,0,0,0,0,0,0,0,0,0,0,0,0,0,0,0,0,0,0,0.800,0609.9,0000,0,0000,0
0,0,0,0,00,00,0,0,2,000,0,0,0,0,0,0,0,0,0,0,0,0,0,0,0,0,0,0,1,0,0,0,0,0.699,0609.9,0000,0,0000,0
0,0,0,0,00,00,0,0,2,000,0,0,1,0,0,1,0,0,0,0,0,0,0,0,0,0,0,0,0,0,0,0,1,0.700,0610.0,4880,0,0000,0
4,0,0,1,00,00,0,0,3,000,0,0,4,0,0,0,0,0,0,0,0,0,0,0,0,0,0,0,0,0,0,0,1,1.600,0831.9,0881,0,0000,0
0,0,0,2,65,00,0,1,0,000,0,0,4,0,0,0,0,0,0,0,0,0,0,0,0,0,0,0,0,0,0,0,0,0.800,0900.0,0000,0,0000,0
1,0,0,0,00,85,1,1,0,000,0,0,0,0,0,0,0,2,0,0,0,0,0,0,0,0,0,0,0,0,0,0,0,4.000,0610.0,0000,0,0500,0
0,0,0,0,00,00,0,0,2,000,0,0,3,0,0,1,0,0,0,0,0,0,0,0,0,0,0,0,0,0,0,0,1,0.600,0610.0,4880,0,0000,0
1,2,0,0,00,85,1,1,0,000,0,0,1,0,0,0,1,0,0,0,0,0,0,0,0,0,0,0,0,0,0,0,1,1.000,1220.0,0762,0,0000,0
0,0,0,0,00,00,0,0,2,000,0,0,1,0,0,0,0,1,0,0,0,0,0,0,0,0,0,0,0,0,0,0,0,0.400,0609.9,0000,0,0000,0
0,0,0,0,00,70,1,1,0,000,0,0,0,0,0,0,1,0,0,0,0,0,0,0,0,0,0,0,0,0,0,0,0,2.500,0610.0,0000,0,0600,0
0,0,0,1,00,00,0,1,0,500,0,0,4,0,0,0,0,0,0,0,0,0,0,0,0,0,0,0,0,0,0,0,1,1.000,0610.0,4880,0,0000,0
0,0,0,4,00,00,0,0,1,000,0,0,0,0,0,0,0,0,0,0,0,0,0,0,0,0,0,0,0,0,0,0,1,0.300,0610.0,0762,1,0000,0
0,0,0,0,00,00,0,0,2,000,0,0,1,0,0,0,0,0,0,0,0,0,1,0,0,0,0,0,0,0,0,0,0,1.600,0610.0,0000,0,0000,3
0,0,0,5,00,00,0,1,0,310,0,0,0,0,0,0,0,0,0,0,0,0,0,0,0,0,0,0,0,0,0,0,1,0.800,1275.0,0762,0,0000,0
4,0,0,1,00,00,0,0,2,000,0,0,4,0,0,0,0,0,0,0,0,0,0,0,0,0,0,0,0,0,0,0,0,1.599,0610.0,0000,0,0000,0
0,0,0,0,00,00,0,0,2,000,0,0,1,0,0,0,0,1,0,0,0,0,0,0,0,0,0,0,0,0,0,0,0,0.699,0020.0,0000,0,0000,0
0,0,0,0,00,00,0,0,2,000,0,0,3,0,0,1,0,1,1,0,0,0,0,0,0,0,0,0,0,0,0,0,1,0.699,0519.9,0762,0,0000,0
3,1,0,0,00,00,0,1,3,000,1,0,4,0,0,0,0,0,0,0,1,0,0,0,0,0,0,0,0,0,0,0,1,0.600,1220.0,0761,0,0000,0
4,0,0,1,00,00,0,0,2,000,0,0,4,0,0,0,0,1,1,0,0,0,0,0,0,0,0,0,0,0,0,0,1,0.800,0610.0,4880,0,0000,0
0,0,0,1,00,00,0,0,2,000,0,0,1,0,0,0,0,0,0,0,0,0,1,0,0,0,0,0,0,0,0,0,0,0.321,0610.0,0000,0,0000,0
0,0,0,1,06,00,1,1,0,000,0,0,4,0,0,1,0,0,0,0,0,0,0,0,0,0,0,0,0,0,0,0,1,1.000,0610.0,4880,0,0000,0
0,2,0,0,00,50,1,1,0,000,0,0,1,0,0,0,0,1,0,0,0,0,0,0,0,0,0,0,0,0,0,0,1,0.600,1250.0,4880,0,0000,0
4,0,0,1,00,00,0,0,2,000,0,0,4,0,0,0,0,0,0,0,0,0,0,0,0,0,0,0,0,0,0,0,1,1.200,0335.0,3000,0,0000,0
0,0,0,5,00,00,0,1,0,310,0,0,0,0,0,0,0,0,0,0,0,0,0,0,0,0,0,0,0,0,0,0,0,0.800,0609.9,0000,0,0000,0
0,0,0,0,04,00,1,1,0,000,0,0,0,0,0,0,0,1,0,0,0,0,0,0,0,0,0,0,0,0,0,0,0,0.500,0025.0,0000,0,0000,0
0,0,0,1,00,00,0,0,2,000,0,0,1,0,0,0,0,0,0,0,0,0,0,0,0,0,0,0,0,0,0,0,1,0.699,1320.0,0762,2,0000,0
0,0,0,0,00,50,1,1,0,000,0,0,0,0,0,0,0,0,0,0,0,0,0,0,0,0,0,0,0,0,0,0,0,0.601,0610.0,0000,0,0000,0
0,0,0,4,00,00,0,2,2,000,0,0,0,0,0,0,0,0,0,0,0,0,1,0,0,0,0,0,0,0,0,0,0,0.301,0020.0,0000,0,0000,0
4,0,0,7,00,00,0,0,2,000,0,0,4,2,0,0,0,0,0,0,0,0,0,0,0,0,0,0,0,0,0,0,1,0.800,1320.0,4880,0,0000,0
0,0,0,0,00,00,0,0,2,000,0,0,3,0,0,1,0,0,0,0,0,0,0,0,0,0,0,0,0,0,0,0,1,0.600,0520.0,0000,0,0000,0
0,0,0,4,00,00,0,0,1,000,0,0,0,0,0,0,0,0,0,0,0,0,0,0,0,0,0,0,0,0,0,0,1,0.699,0610.0,0762,1,0000,0
0,0,0,1,00,00,0,0,2,000,0,0,1,0,0,0,1,0,0,0,0,0,0,0,0,0,0,0,0,0,0,0,0,0.699,1320.0,0000,0,0000,0
0,0,0,1,00,00,0,2,3,000,0,0,0,0,0,0,0,0,0,0,0,0,0,0,0,0,0,0,0,0,0,0,0,0.601,0610.0,0000,0,0000,0
3,1,0,0,00,00,0,1,3,000,1,0,4,0,0,0,0,0,0,0,1,0,0,0,0,0,0,0,0,0,0,0,1,0.600,0335.0,0611,0,0000,0
4,0,0,1,00,00,0,0,2,000,0,0,4,0,0,0,0,0,0,0,0,0,0,0,0,0,0,0,0,0,0,0,0,1.600,0050.0,0000,0,0000,0
0,0,0,1,00,00,0,0,2,000,0,0,1,0,0,0,0,0,1,0,0,0,1,0,0,0,0,0,0,0,0,0,1,1.200,0610.0,4170,0,0000,0
0,0,0,0,00,00,0,0,2,000,0,0,1,0,0,0,0,0,0,0,0,0,0,0,0,0,0,0,0,0,0,0,1,0.700,1320.1,0762,0,0000,0
0,0,0,1,00,00,0,0,2,000,0,0,1,0,0,1,0,0,0,0,0,0,0,0,0,0,0,0,0,0,0,0,1,3.200,1320.0,0762,0,0000,0
0,0,0,0,00,00,0,0,2,000,0,0,1,0,0,0,0,0,0,0,0,0,0,0,0,0,0,0,0,0,0,0,1,0.300,1320.0,4880,1,0000,0
0,0,0,0,00,45,0,0,0,000,0,0,2,0,0,0,0,0,0,0,0,0,0,0,0,0,0,0,0,0,0,0,0,0.400,0610.0,0000,2,0000,0
0,0,0,2,55,00,0,1,0,000,0,0,4,0,0,0,1,2,0,0,0,0,0,0,0,0,0,0,1,0,0,0,0,2.200,0900.0,0000,0,0000,0
0,0,0,4,00,00,0,2,2,000,0,0,0,0,0,0,0,0,0,0,0,0,0,0,0,0,0,0,0,0,0,0,1,0.700,1320.0,4880,0,0000,0
0,0,0,0,00,50,1,1,0,000,0,0,0,0,0,0,0,0,0,0,0,0,0,0,0,0,0,0,1,0,0,0,0,1.001,0050.0,0000,1,0000,0
0,0,0,5,00,00,0,1,0,310,0,0,0,0,0,0,0,0,0,0,0,0,0,0,0,0,0,0,0,0,0,0,1,1.599,1275.0,0762,0,0000,0
3,1,0,0,00,00,0,1,3,000,1,0,4,0,0,0,0,0,0,0,1,0,0,0,0,0,0,0,0,0,0,0,1,1.600,0610.0,4880,0,0000,0
4,0,0,7,00,00,0,0,2,000,0,0,4,2,0,0,0,0,0,0,0,0,0,0,0,0,0,0,0,0,0,0,0,1.201,1525.0,0000,0,0000,0
0,0,0,1,06,00,1,1,0,000,0,0,4,0,0,1,0,0,0,0,0,0,0,0,0,0,0,0,0,0,0,0,1,0.600,1320.0,4880,0,0000,0
3,1,0,0,00,00,0,1,3,000,1,0,4,0,0,0,0,0,0,0,1,0,0,0,0,0,0,0,0,0,0,0,0,0.600,0250.0,0000,0,0000,0
0,0,0,6,00,00,0,1,0,350,0,0,0,0,0,0,1,0,0,0,0,0,0,0,0,0,0,0,0,0,0,0,0,0.900,1320.0,0000,0,0000,0
0,0,0,1,00,00,0,0,2,000,0,0,1,0,0,0,0,1,0,0,0,0,0,0,0,0,0,0,0,0,0,0,0,3.200,0609.9,0000,0,0000,0
0,0,0,1,00,00,0,0,2,000,0,0,1,0,0,0,0,1,0,0,0,0,0,0,0,0,0,0,0,0,0,0,0,0.400,1320.0,0000,0,0000,0
0,0,0,0,00,00,0,0,3,000,1,0,1,0,0,0,0,1,1,0,0,0,1,0,0,0,0,0,0,0,0,0,1,0.700,0609.9,0612,0,0000,0
0,0,0,0,00,00,0,0,2,000,0,0,3,0,0,1,0,1,0,0,0,0,0,0,0,0,0,0,0,0,0,0,1,0.600,0610.0,4880,0,0000,0
1,0,0,0,00,85,1,1,0,000,0,0,0,0,0,0,0,0,0,0,0,0,0,0,0,0,0,0,0,0,0,0,0,3.200,1220.0,0000,1,0000,0
4,0,0,1,00,00,0,0,2,000,0,0,4,0,0,0,0,0,1,0,0,0,0,0,0,0,0,0,0,0,0,0,1,1.599,1500.0,0612,0,0000,0
0,0,0,1,00,00,0,0,2,000,0,0,1,0,0,0,0,1,0,0,0,0,0,0,0,0,0,0,0,0,0,0,0,0.799,1300.0,0000,0,0000,0
3,1,0,0,00,00,0,1,3,000,1,0,4,0,0,0,0,0,0,0,0,0,0,0,0,1,0,0,0,0,0,0,1,1.600,0610.0,0761,0,0000,0
0,0,0,0,00,60,1,1,0,000,0,0,0,0,0,0,0,2,0,0,0,0,0,0,0,0,0,0,0,0,0,0,0,4.000,0385.1,0000,0,0000,0
4,0,0,1,00,00,0,0,2,000,0,0,4,0,0,0,0,1,0,0,0,0,0,0,0,0,0,0,0,0,0,0,1,1.599,1300.0,4880,0,0000,0
0,2,0,0,00,00,0,0,3,000,1,0,1,0,0,0,0,0,0,0,0,0,0,0,0,0,0,0,0,0,0,0,0,1.000,0075.0,0000,0,0000,0
0,0,0,1,00,00,0,0,2,000,0,0,1,0,0,0,0,1,1,0,0,0,0,0,0,0,0,0,0,0,0,0,1,0.300,0595.0,4880,0,0000,0
0,2,0,0,00,00,0,0,3,000,1,0,1,0,0,0,0,0,0,0,0,0,0,0,0,0,0,0,0,0,0,0,1,0.700,0335.0,0612,0,0000,0
0,0,0,0,00,60,1,1,0,000,0,0,0,0,0,0,0,1,1,0,0,0,1,0,0,0,0,0,0,0,0,0,1,0.800,0255.0,0270,0,0000,0
0,0,0,1,00,00,0,0,2,000,0,0,1,0,0,0,0,1,1,0,0,0,0,0,0,0,0,0,0,0,0,0,1,0.400,1320.0,0150,0,0000,0
0,0,0,0,00,45,0,0,0,000,0,0,2,0,0,0,0,1,0,0,0,0,0,0,0,0,0,0,0,0,0,0,1,0.300,0610.0,0762,0,0000,0
0,0,0,0,00,00,0,0,2,000,0,0,1,0,0,0,0,0,0,0,0,0,0,0,0,0,0,0,0,0,0,0,1,0.699,0610.0,0762,2,0000,0
0,0,0,0,00,00,0,0,2,000,0,0,3,0,0,0,0,0,0,0,0,0,0,0,0,0,0,0,0,0,0,0,1,0.699,0520.0,4880,0,0000,0
0,0,0,1,00,00,0,0,2,000,0,0,1,0,0,0,0,0,1,0,0,0,0,0,0,0,0,0,0,0,0,0,1,0.700,1320.0,0762,0,0000,0
4,0,0,6,00,00,0,1,0,600,0,0,0,0,0,0,0,0,0,0,0,0,0,0,0,0,0,0,0,0,0,0,0,1.600,1090.0,0000,0,0000,0
0,0,0,2,55,00,0,1,0,000,0,0,4,0,0,0,0,0,0,0,0,0,0,0,0,0,0,0,0,0,0,0,0,0.800,0900.0,0000,0,0000,0
3,1,0,0,00,00,0,1,3,000,1,0,4,0,0,0,0,1,0,0,1,0,0,0,0,0,0,0,0,0,0,0,0,0.600,0609.9,0000,0,0000,0
0,0,0,1,00,00,0,0,2,000,0,0,1,0,0,1,0,0,0,0,0,0,0,0,0,0,0,0,0,0,0,0,1,0.300,1320.0,0762,1,0000,0
0,0,0,1,00,00,0,0,3,000,0,0,1,0,0,0,0,0,0,0,0,0,0,0,0,0,0,0,0,0,0,0,1,1.600,0609.9,0612,0,0000,0
0,0,0,0,00,45,0,0,0,000,0,0,2,0,0,0,0,0,0,0,0,0,0,0,0,0,0,0,0,0,0,0,0,0.301,0610.0,0000,0,0000,0
4,0,0,1,00,00,0,0,2,000,0,0,4,0,0,0,0,0,0,0,0,0,0,0,0,0,0,0,0,0,0,0,1,1.600,1500.0,0612,0,0000,0
4,0,0,6,00,00,0,1,0,600,0,0,0,0,0,0,0,0,0,0,0,0,0,0,0,0,0,0,0,0,0,0,1,0.900,1050.0,1220,0,0000,0
0,2,0,0,00,50,1,1,0,000,0,0,1,0,0,0,0,0,0,0,0,0,0,0,0,0,0,0,0,0,0,0,0,0.600,0610.0,0000,0,0000,0
3,1,0,0,00,00,0,1,3,000,1,0,4,0,0,0,0,0,0,0,1,0,0,0,0,0,0,0,0,0,0,0,0,0.600,0050.0,0000,0,0000,0
0,0,0,2,55,00,0,1,0,000,0,0,4,0,0,0,0,0,0,0,0,0,0,0,0,0,0,0,0,0,0,0,0,1.090,0900.0,0000,0,0000,0
0,0,0,1,00,00,0,0,2,000,0,0,1,0,0,0,0,0,0,0,0,0,0,0,0,0,0,0,1,0,0,0,0,3.200,0610.0,0000,0,0000,0
3,1,0,4,00,00,0,2,1,000,0,0,4,0,0,0,0,0,0,0,0,0,0,0,0,1,0,0,0,0,0,0,1,0.500,1220.0,4880,0,0000,0
0,2,0,0,00,00,0,0,3,000,1,0,1,0,0,0,0,0,0,0,0,0,0,0,0,0,0,0,0,0,0,0,0,0.699,0610.0,0000,0,0000,0
0,0,0,1,00,00,0,0,2,000,0,0,1,0,0,0,0,0,0,0,0,0,1,0,0,0,0,0,0,0,0,0,1,0.301,0610.0,0762,0,0000,0
3,1,0,4,00,00,0,2,1,000,0,0,4,0,0,0,0,0,0,0,0,0,0,0,0,1,0,0,0,0,0,0,1,0.500,0609.9,3000,0,0000,0
0,0,0,0,00,00,0,0,3,000,1,0,1,0,0,0,0,0,0,0,0,0,0,0,0,0,0,0,0,0,0,0,1,0.601,0610.0,0762,0,0000,0
0,0,0,0,00,60,1,1,0,000,0,0,0,0,0,0,0,1,1,0,0,0,1,0,0,0,0,0,0,0,0,0,1,0.801,0356.0,0762,0,0000,0
0,0,0,4,00,70,1,1,0,000,0,0,0,0,0,0,0,2,0,0,0,0,0,0,0,0,0,0,0,0,0,0,0,2.801,1000.0,0000,0,0600,0
0,0,0,0,00,00,0,0,3,000,1,0,0,0,0,0,0,0,0,0,0,0,0,0,0,0,0,0,0,0,0,0,0,1.000,1320.0,0000,0,0000,0
0,0,0,5,00,00,0,1,0,310,0,0,0,0,0,0,0,0,0,0,0,0,0,0,0,0,0,0,0,0,0,0,1,2.500,1274.9,0762,0,0000,0
0,0,0,1,00,00,0,0,2,000,0,0,1,0,0,0,0,0,0,0,0,0,1,0,0,0,0,0,0,0,0,0,0,0.700,1220.0,0000,0,0000,0
0,0,0,1,00,00,0,0,2,000,0,0,1,0,0,1,0,0,0,0,0,0,0,0,0,0,0,0,0,0,0,0,1,3.200,0150.0,0762,0,0000,0
4,0,0,1,00,00,0,0,2,000,0,0,4,0,0,0,0,0,0,0,0,0,0,0,0,0,0,0,0,0,0,0,1,1.600,1500.0,4170,0,0000,0
0,0,0,0,00,00,0,0,2,000,0,0,1,0,0,0,0,0,0,0,0,0,0,0,0,0,0,0,0,0,0,0,1,0.300,1320.0,0762,1,0000,0
4,0,0,1,00,00,0,0,3,000,0,0,4,0,0,0,0,0,0,0,0,0,0,0,0,0,0,0,0,0,0,0,1,1.599,0610.0,0761,0,0000,0
4,0,0,4,00,00,0,1,0,500,0,1,4,0,0,0,0,0,0,0,0,0,0,0,0,0,0,2,0,0,0,0,1,2.000,0300.1,0301,0,0000,0
0,0,0,4,00,00,0,0,1,000,0,0,0,0,0,0,0,1,1,0,0,0,0,0,0,0,0,0,0,0,0,0,1,0.300,0595.0,0762,0,0000,0
0,0,0,0,00,00,0,0,3,000,1,0,3,0,0,0,0,0,0,0,0,0,0,0,0,0,0,0,0,0,0,0,1,0.750,1320.0,4880,0,0000,0
0,0,0,0,00,00,0,0,2,000,0,0,1,0,0,0,0,1,0,0,0,0,0,0,0,0,0,0,0,0,0,0,1,0.700,0609.9,0762,0,0000,0
0,0,0,2,55,00,0,1,0,000,0,0,4,0,0,0,1,2,0,0,0,0,0,0,0,0,0,0,1,0,0,0,0,3.200,0640.0,0000,0,0600,0
0,0,0,0,00,60,1,1,0,000,0,0,0,0,0,0,0,2,0,0,0,0,0,0,0,0,0,0,0,0,0,0,0,2.801,0385.1,0000,0,0000,0
0,0,0,0,00,00,0,0,2,000,0,0,0,0,0,0,0,0,0,0,0,0,0,0,0,0,0,0,0,0,0,0,1,0.699,1320.0,4880,2,0000,0
0,0,0,1,00,00,0,1,0,500,0,0,4,0,0,0,0,0,0,0,0,0,0,0,0,0,0,0,0,0,0,0,0,1.600,0609.9,0000,0,0000,0
0,0,0,1,00,00,0,0,2,000,0,0,1,0,0,0,0,0,0,0,0,0,0,0,0,0,0,0,0,0,0,0,1,0.699,0610.0,0762,2,0000,0
3,1,0,0,00,00,0,1,3,000,1,0,4,0,0,0,0,0,0,0,0,0,0,0,0,1,0,0,0,0,0,0,0,0.800,0050.0,0000,0,0000,0
0,0,0,0,00,60,1,1,0,000,0,0,0,0,0,0,0,2,0,0,0,0,0,0,0,0,0,0,0,0,0,0,0,2.801,0610.0,0000,0,0600,0
0,0,0,1,00,00,0,0,2,000,0,0,1,0,0,0,0,1,0,0,0,0,1,0,0,0,0,0,0,0,0,0,0,0.700,1220.0,0000,0,0000,0
0,0,0,0,00,00,0,0,3,000,1,0,3,0,0,0,0,0,0,0,0,0,0,0,0,0,0,0,0,0,0,0,1,0.750,0610.0,4880,0,0000,0
0,0,0,0,00,00,0,0,2,000,0,0,0,0,0,0,0,0,0,0,0,0,0,0,0,0,0,0,1,0,0,0,0,0.300,0610.0,0000,0,0000,0
0,0,0,4,00,00,1,0,2,000,0,0,4,0,0,0,0,0,0,0,0,0,0,0,0,0,0,0,0,0,0,0,0,3.200,0610.0,0000,0,0000,0
0,2,0,1,00,00,0,0,3,000,0,0,1,0,0,0,0,0,0,0,0,0,0,0,0,0,0,0,0,0,0,0,0,1.600,1220.0,0000,0,0000,3
4,0,0,1,00,00,0,0,3,000,0,0,4,0,0,0,0,0,0,0,0,0,0,0,0,0,0,0,0,0,0,0,1,1.600,1525.0,0612,0,0000,0
0,0,0,0,04,00,1,1,0,000,0,0,0,0,0,0,0,0,0,0,0,0,0,0,0,0,0,0,0,0,0,0,0,1.000,0025.0,0000,0,0000,0
0,0,0,0,00,45,0,0,0,000,0,0,2,0,0,0,0,0,0,0,0,0,0,0,0,0,0,0,0,0,0,0,0,0.700,1320.0,0000,0,0000,0
0,0,0,1,00,00,0,0,2,000,0,0,1,0,0,0,0,1,1,0,0,0,1,0,0,0,0,0,0,0,0,0,1,0.700,0150.0,0612,0,0000,0
0,0,0,0,00,00,0,0,2,000,0,0,0,0,0,0,0,0,0,0,0,0,0,0,0,0,0,0,0,0,0,0,0,0.400,0020.0,0000,0,0000,0
0,0,0,0,00,45,0,0,0,000,0,0,2,0,0,0,0,1,1,0,0,0,0,0,0,0,0,0,0,0,0,0,1,0.699,1220.0,0761,0,0000,0
4,0,0,1,00,00,0,0,3,000,0,0,4,0,0,0,0,0,0,0,0,0,0,0,0,0,0,0,0,0,0,0,1,0.800,1320.0,0761,0,0000,0
2,2,0,1,00,00,0,1,0,300,0,0,4,0,0,0,0,0,0,0,0,0,0,0,1,0,0,0,0,0,0,0,0,0.800,0915.0,0000,0,0000,0
0,0,0,1,00,00,0,0,2,000,0,0,1,0,0,0,0,0,0,0,0,0,0,0,0,0,0,0,0,0,0,0,1,0.699,0610.0,4880,2,0000,0
0,0,0,2,55,00,0,1,0,000,0,0,4,0,0,0,1,2,0,0,0,0,0,0,0,0,0,0,1,0,0,0,0,1.500,0900.0,0000,0,0000,0
0,0,0,0,00,00,0,0,2,000,0,0,1,0,0,1,0,0,0,0,0,0,0,0,0,0,0,0,0,0,0,0,0,1.600,1320.0,0000,0,0000,0
0,0,0,0,00,60,1,1,0,000,0,0,0,0,0,0,0,0,0,0,0,0,0,0,0,0,0,0,1,0,0,0,0,2.800,0610.0,0000,0,0600,0
0,2,0,0,00,00,0,0,5,000,1,0,1,0,0,0,0,0,0,0,0,0,0,0,0,0,0,0,0,0,0,0,0,0.800,0075.0,0000,0,0000,0
0,0,0,4,00,50,1,1,0,000,0,0,0,0,0,0,1,0,0,0,0,0,0,0,0,0,0,0,0,0,0,0,0,0.601,1320.0,0000,0,0000,0
0,0,0,0,00,00,0,1,0,500,0,0,0,0,0,0,0,0,0,0,0,0,0,0,0,0,0,0,0,0,0,0,0,1.600,1525.0,0000,0,0000,0
0,2,0,1,00,00,0,0,3,000,0,0,1,0,0,0,0,0,0,0,0,0,0,0,0,0,0,0,0,0,0,0,1,1.600,0610.0,4880,0,0000,0
4,0,0,1,00,00,0,0,2,000,0,0,4,0,0,0,0,1,0,0,0,0,0,0,0,0,0,0,0,0,0,0,1,0.800,0610.0,4880,0,0000,0
0,0,0,1,06,00,1,1,0,000,0,0,4,0,0,0,0,0,0,0,0,0,0,0,0,0,0,0,0,0,0,0,0,0.500,0610.0,0000,0,0000,0
0,0,0,0,00,00,0,0,2,000,0,0,1,0,0,0,0,0,1,0,0,0,0,0,0,0,0,0,0,0,0,0,1,1.599,1320.0,4880,0,0000,0
3,1,0,0,00,00,0,1,3,000,1,0,4,0,0,0,0,1,0,0,0,0,0,0,0,1,0,0,0,0,0,0,1,0.600,1220.0,4880,0,0000,0
0,0,0,4,00,00,0,0,1,000,0,0,0,0,0,0,0,0,0,0,0,0,0,0,0,0,0,0,0,0,0,0,1,0.300,1320.0,0761,0,0000,0
0,0,0,0,00,00,0,0,3,000,1,0,1,0,0,0,0,0,0,0,0,0,0,0,0,0,0,0,0,0,0,0,0,0.600,0020.0,0000,0,0000,0
0,0,0,1,06,00,1,1,0,000,0,0,4,0,0,0,0,0,0,0,0,0,0,0,0,0,0,0,0,0,0,0,1,1.000,1320.0,0762,0,0000,0
0,2,0,0,00,50,1,1,0,000,0,0,1,0,0,1,0,0,0,0,0,0,1,0,0,0,0,0,0,0,0,0,0,0.600,0020.0,0000,0,0000,0
4,0,0,1,00,00,0,0,2,000,0,0,4,0,0,0,0,1,1,0,0,0,0,0,0,0,0,0,0,0,0,0,1,1.599,1525.0,4170,0,0000,0
4,0,0,1,00,00,0,0,2,000,0,0,4,0,0,0,0,0,1,0,0,0,0,0,0,0,0,0,0,0,0,0,1,2.000,0610.0,4170,0,0000,0
3,1,0,0,00,00,0,1,3,000,1,0,4,0,0,0,0,0,0,0,1,0,0,0,0,0,0,0,0,0,0,0,1,0.600,0335.0,0001,0,0000,0
0,0,0,4,00,00,0,0,1,000,0,0,0,0,0,0,0,0,0,0,0,0,0,0,0,0,0,0,0,0,0,0,1,0.699,0374.9,4880,0,0000,0
0,0,0,4,00,50,1,1,0,000,0,0,0,0,0,0,0,0,0,0,0,0,0,0,0,0,0,0,1,0,0,0,0,0.600,0610.0,0000,0,0000,0
0,0,0,1,00,00,0,0,3,000,0,0,1,0,0,0,0,0,0,0,0,0,0,0,0,0,0,0,0,0,0,0,0,1.000,0075.0,0000,0,0000,0
0,0,0,6,00,00,0,1,0,350,0,0,0,0,0,0,1,0,0,0,0,0,0,0,0,0,0,0,0,0,0,0,0,1.399,1320.0,0000,0,0000,0
0,2,0,0,00,50,1,1,0,000,0,0,1,0,0,0,0,0,0,0,0,0,0,0,0,0,0,0,0,0,0,0,0,0.600,1250.0,0000,0,0000,0
0,0,0,1,00,00,0,0,2,000,0,0,1,0,0,1,0,0,0,0,0,0,0,0,0,0,0,0,0,0,0,0,1,0.699,0610.0,4880,1,0000,0
4,0,0,6,00,00,0,1,0,600,0,0,0,0,0,0,1,0,0,0,0,0,0,0,0,0,0,0,0,0,0,0,0,1.300,1090.0,0000,0,0000,0
4,0,0,4,00,00,0,1,0,500,0,1,4,0,0,0,0,0,0,0,0,0,0,0,0,0,0,2,0,0,0,0,1,2.000,0609.9,4880,0,0000,0
0,0,0,2,55,00,0,1,0,000,0,0,4,0,0,0,0,0,0,0,0,0,0,0,0,0,0,0,0,0,0,0,0,1.090,0610.0,0000,0,0000,0
0,0,0,0,00,45,0,0,0,000,0,0,2,0,0,0,0,0,0,0,0,0,0,0,0,0,0,0,0,0,0,0,1,0.300,0150.0,4880,0,0000,0
4,0,0,1,00,00,0,0,3,000,0,0,4,0,0,0,0,0,0,0,0,0,0,0,0,0,0,0,0,0,0,0,1,0.800,0610.0,0001,0,0000,0
0,0,0,1,00,00,0,0,2,000,0,0,1,0,0,0,0,0,0,0,0,0,1,0,0,0,0,0,0,0,0,0,1,1.200,0609.9,4170,0,0000,0
0,0,0,1,00,00,0,0,2,000,0,0,1,0,0,0,0,0,0,0,0,0,0,0,0,0,0,0,0,0,0,0,0,3.200,0610.0,0000,0,0000,3
4,0,0,1,00,00,0,0,2,000,0,0,4,0,0,0,0,0,1,0,0,0,0,0,0,0,0,0,0,0,0,0,1,1.599,0610.0,4880,0,0000,0
0,0,0,4,00,50,1,1,0,000,0,0,0,0,0,0,1,0,0,0,0,0,0,0,0,0,0,0,0,0,0,0,0,0.601,0610.0,0000,0,0000,0
0,0,0,4,00,00,0,2,2,000,0,0,0,0,0,0,0,0,0,0,0,0,0,0,0,0,0,0,0,0,0,0,0,3.200,1320.0,0000,0,0000,0
0,0,0,0,00,00,0,0,2,000,0,0,1,0,1,1,0,0,0,0,0,0,0,0,0,0,0,0,0,0,0,0,0,1.600,0606.9,0000,0,0000,0
3,1,0,4,00,00,0,2,1,000,0,0,4,0,0,0,0,0,0,0,0,0,0,0,0,1,0,0,0,0,0,0,1,0.500,0609.9,0612,0,0000,0
0,0,0,2,65,00,0,1,0,000,0,0,4,0,0,0,0,0,0,0,0,0,0,0,0,0,0,0,0,0,0,0,0,1.090,0610.0,0000,0,0000,0
0,0,0,0,00,45,0,0,0,000,0,0,2,0,0,0,0,0,0,0,0,0,0,0,0,0,0,0,0,0,0,0,1,0.599,1320.0,0761,0,0000,0
0,0,0,0,00,00,0,0,2,000,0,0,1,0,0,1,0,0,0,0,0,0,0,0,0,0,0,0,0,0,0,0,0,1.600,0060.0,0000,0,0000,0
0,0,0,0,00,45,0,0,0,000,0,0,2,0,0,0,0,1,1,0,0,0,0,0,0,0,0,0,0,0,0,0,1,1.600,1300.0,4880,0,0000,0
0,0,0,4,00,00,0,2,2,000,0,0,0,0,0,0,0,0,0,0,0,0,0,0,0,0,0,0,0,0,0,0,1,0.301,0610.0,4880,1,0000,0
3,1,0,0,00,00,0,1,3,000,1,0,4,0,0,0,0,1,0,0,0,0,0,0,0,0,0,0,0,0,0,0,0,0.600,0610.0,0000,0,0000,0
0,0,0,1,00,00,0,0,3,000,0,0,1,0,0,0,0,0,0,0,0,0,0,0,0,0,0,0,0,0,0,0,0,0.601,0610.0,0000,0,0000,3
0,0,0,2,65,00,0,1,0,000,0,0,4,0,0,0,0,0,0,0,0,0,0,0,0,0,0,0,0,0,0,0,0,1.000,0610.0,0000,0,0000,0
0,0,0,0,00,00,0,0,2,000,0,0,3,0,0,1,0,0,1,0,0,0,0,0,0,0,0,0,0,0,0,0,1,0.699,0609.9,4880,0,0000,0
0,2,0,0,00,50,1,1,0,000,0,0,1,0,0,1,0,0,0,0,0,0,0,0,0,0,0,0,0,0,0,0,0,0.300,0610.0,0000,0,0000,0
0,0,0,1,00,00,0,0,3,000,0,0,1,0,0,0,0,0,0,0,0,0,0,0,0,0,0,0,0,0,0,0,1,0.600,0520.0,0762,0,0000,0
0,0,0,0,00,00,0,0,2,000,0,0,3,0,0,1,0,0,1,0,0,0,0,0,0,0,0,0,0,0,0,0,1,0.600,0610.0,4880,0,0000,0
0,0,0,5,00,00,0,1,0,310,0,0,0,0,0,1,0,0,0,0,0,0,0,0,0,0,0,0,0,0,0,0,1,2.500,0610.0,4880,0,0000,0
3,1,0,0,00,00,0,1,3,000,1,0,4,0,0,0,0,0,0,0,0,1,0,0,0,0,0,0,0,0,0,0,0,0.600,0609.9,0000,0,0000,0
0,0,0,1,00,00,0,0,2,000,0,0,1,0,0,0,0,0,1,0,0,0,1,0,0,0,0,0,0,0,0,0,1,1.200,1320.0,4170,0,0000,0
0,0,0,0,00,45,0,0,0,000,0,0,2,0,0,0,0,0,0,0,0,0,0,0,0,0,0,0,0,0,0,0,1,1.600,0610.0,4880,0,0000,0
0,0,0,0,00,45,0,0,0,000,0,0,2,0,0,0,0,0,1,0,0,0,0,0,0,0,0,0,0,0,0,0,1,0.700,0610.0,4880,0,0000,0
3,1,0,0,00,00,0,1,3,000,1,0,4,0,0,0,0,0,0,0,0,0,0,0,0,1,0,0,0,0,0,0,1,1.600,0335.0,0612,0,0000,0
1,0,0,0,00,85,1,1,0,000,0,0,0,0,0,0,0,0,0,0,0,0,0,0,0,0,0,0,0,0,0,0,0,3.201,0190.0,0000,0,0000,0
4,0,0,1,00,00,0,0,3,000,0,0,4,0,0,0,0,0,1,0,0,0,0,0,0,0,0,0,0,0,0,0,1,0.800,1320.0,0762,0,0000,0
0,2,0,0,00,00,0,0,3,000,1,0,1,0,0,0,0,0,0,0,0,0,0,0,0,0,0,0,0,0,0,0,1,1.200,0609.9,4170,0,0000,0
0,0,0,2,45,00,0,1,0,000,0,0,4,0,0,0,0,0,0,0,0,0,0,0,0,0,0,0,0,0,0,0,0,3.200,0900.0,0000,0,0000,0
0,0,0,0,00,00,0,0,3,000,1,0,1,0,0,0,0,1,1,0,0,0,1,0,0,0,0,0,0,0,0,0,1,1.200,0609.9,0612,0,0000,0
0,0,0,1,00,00,0,0,3,000,0,0,1,0,0,0,0,0,0,0,0,0,0,0,0,0,0,0,0,0,0,0,1,0.601,0609.9,0612,0,0000,0
0,0,0,1,00,00,0,0,2,000,0,0,1,0,0,0,0,1,1,0,0,0,0,0,0,0,0,0,0,0,0,0,1,0.699,1320.0,0761,0,0000,0
0,0,0,0,00,00,0,0,2,000,0,0,1,0,0,1,0,0,0,0,0,0,0,0,0,0,0,0,0,0,0,0,0,1.600,1320.0,0000,0,0000,0
0,0,0,1,00,00,0,0,2,000,0,0,1,0,0,1,0,1,1,0,0,0,0,0,0,0,0,0,0,0,0,0,1,1.599,0610.0,0762,0,0000,0
4,0,0,1,00,00,0,0,2,000,0,0,4,0,0,0,1,0,0,0,0,0,0,0,0,0,0,0,0,0,0,0,1,0.800,1300.0,0762,0,0000,0
0,0,0,0,00,00,0,0,2,000,0,0,1,0,0,0,0,0,0,0,0,0,0,0,0,0,0,0,0,0,0,0,0,0.400,0609.9,0000,0,0000,0
0,0,0,0,00,00,0,0,2,000,0,0,0,0,0,0,1,0,0,0,0,0,0,0,0,0,0,0,0,0,0,0,0,0.700,0610.0,0000,0,0000,0
0,0,0,6,00,00,0,1,0,350,0,0,0,0,0,0,0,0,0,0,0,0,0,0,0,0,0,0,0,0,0,0,0,1.601,0609.9,0000,0,0000,0
0,0,0,0,00,00,0,0,2,000,0,0,0,0,0,0,1,0,0,0,0,0,0,0,0,0,0,0,0,0,0,0,1,3.200,1300.0,0762,0,0000,0
0,0,0,0,00,00,0,0,2,000,0,0,3,0,0,1,0,0,0,0,0,0,0,0,0,0,0,0,0,0,0,0,1,0.600,1220.0,0761,0,0000,0
0,0,0,4,00,50,1,1,0,000,0,0,0,0,0,0,0,0,0,0,0,0,0,0,0,0,0,0,1,0,0,0,0,1.201,1320.0,0000,0,0000,0
0,2,0,0,00,50,1,1,0,000,0,0,1,0,0,1,0,1,0,0,0,0,0,0,0,0,0,0,0,0,0,0,1,0.600,1250.0,4880,0,0000,0
0,0,0,1,00,00,0,0,2,000,0,0,1,0,0,1,0,0,0,0,0,0,0,0,0,0,0,0,0,0,0,0,1,1.600,0609.9,0762,0,0000,0
0,0,0,0,00,00,0,0,2,000,0,0,3,0,0,1,0,0,1,0,0,0,0,0,0,0,0,0,0,0,0,0,1,0.699,0519.0,0762,0,0000,0
0,0,0,2,45,00,0,1,0,000,0,0,4,0,0,0,0,2,0,0,0,0,0,0,0,0,0,0,0,0,0,0,0,3.200,0900.0,0000,0,0000,0
0,0,0,0,00,00,0,0,2,000,0,0,1,0,0,0,0,1,1,0,0,0,0,0,0,0,0,0,0,0,0,0,1,0.700,0609.9,0762,0,0000,0
4,0,0,1,00,00,0,0,2,000,0,0,4,0,0,0,0,0,1,0,0,0,0,0,0,0,0,0,0,0,0,0,1,0.800,1320.0,4880,0,0000,0
0,0,0,0,00,50,1,1,0,000,0,0,0,0,0,0,1,0,0,0,0,0,0,0,0,0,0,0,0,0,0,0,0,0.600,0610.0,0000,0,0000,0
0,2,0,1,00,00,0,2,2,000,0,0,0,0,0,0,0,0,0,0,0,0,0,0,0,0,0,0,0,0,0,0,0,0.699,0609.9,0000,0,0000,0
0,0,0,0,00,00,0,0,2,000,0,0,3,0,0,1,0,0,0,0,0,0,0,0,0,0,0,0,0,0,0,0,1,0.699,0609.9,0000,0,0000,0
0,0,0,0,00,00,0,0,2,000,0,0,1,0,0,0,0,0,0,0,0,0,0,0,0,0,0,3,0,0,0,0,0,0.699,0610.0,0000,2,0000,0
1,2,0,0,00,85,1,1,0,000,0,0,1,0,0,0,0,0,0,0,0,0,0,0,0,0,0,0,0,0,0,0,0,0.321,1220.0,0000,0,0000,0
0,0,0,0,00,60,1,1,0,000,0,0,0,0,0,0,0,0,0,0,0,0,0,0,0,0,0,0,1,0,0,0,0,0.799,0609.9,0000,0,0000,0
4,0,0,4,00,00,0,1,0,500,0,1,4,0,0,0,0,0,0,0,0,0,0,0,0,0,0,0,0,0,0,0,1,2.000,0610.0,0762,0,0000,0
0,0,0,4,00,00,0,2,2,000,0,0,0,0,0,0,0,0,0,0,0,0,0,0,0,0,0,0,0,0,0,0,0,0.300,1320.0,0000,0,0000,0
0,0,0,2,65,00,0,1,0,000,0,0,4,0,0,0,0,0,0,0,0,0,0,0,0,0,0,0,0,0,0,0,0,1.090,0900.0,0000,0,0000,0
0,0,0,3,70,00,0,1,0,000,0,0,4,0,0,0,0,2,0,0,0,0,0,0,0,0,0,0,0,0,0,0,1,2.500,0610.0,4880,0,0000,0
0,0,0,1,00,00,0,0,2,000,0,0,1,0,0,0,1,2,0,0,0,0,0,0,0,0,0,0,0,0,0,0,0,4.000,1000.0,0000,0,0600,0
0,0,0,1,00,00,0,0,2,000,0,0,1,0,0,0,0,0,0,0,0,0,0,0,0,0,0,0,0,0,0,0,0,0.700,1220.0,0000,0,0000,0
0,0,0,1,00,00,0,0,2,000,0,0,1,0,0,0,0,0,0,0,0,0,0,0,0,0,0,0,0,0,0,0,1,1.600,0374.9,4880,0,0000,0
0,0,0,1,00,00,0,0,2,000,0,0,1,0,0,1,0,0,0,0,0,0,0,0,0,0,0,0,0,0,0,0,1,0.700,0150.0,0762,0,0000,0
0,0,0,0,00,00,0,0,2,000,0,0,3,0,0,1,0,0,0,0,0,0,0,0,0,0,0,0,0,0,0,0,1,0.699,0610.0,0400,0,0000,0
0,0,0,4,00,00,0,0,1,000,0,0,0,0,0,0,0,0,0,0,0,0,1,0,0,0,0,0,0,0,0,0,0,0.300,0609.9,0000,0,0000,0
0,0,0,4,00,00,0,0,1,000,0,0,0,0,0,0,0,0,0,0,0,0,0,0,0,0,0,0,0,0,0,0,0,3.200,0060.0,0000,0,0000,0
0,0,0,2,55,00,0,1,0,000,0,0,4,0,0,0,0,0,0,0,0,0,0,0,0,0,0,0,0,0,0,0,0,0.800,0610.0,0000,0,0000,0
3,1,0,0,00,00,0,1,3,000,1,0,4,0,0,0,0,0,0,0,0,0,0,0,0,1,0,0,0,0,0,0,1,1.600,0610.0,0762,0,0000,0
4,0,0,1,00,00,0,0,2,000,0,0,4,0,0,0,0,0,0,0,0,0,0,0,0,0,0,0,0,0,0,0,1,0.800,0610.0,0762,0,0000,0
0,0,0,0,00,00,0,0,3,000,1,0,1,0,0,0,0,0,0,0,0,0,0,0,0,0,0,0,1,0,0,0,0,0.600,1320.0,0000,0,0000,0
0,0,0,4,00,00,0,0,1,000,0,0,0,0,0,0,0,1,1,0,0,0,0,0,0,0,0,0,0,0,0,0,1,0.699,1300.0,0762,0,0000,0
0,0,0,4,00,00,1,0,2,000,0,0,4,0,0,0,0,0,0,0,0,0,0,0,0,0,0,0,0,0,0,0,0,0.700,1320.0,0000,0,0000,0
0,0,0,1,00,00,0,0,2,000,0,0,1,0,0,1,0,0,1,0,0,0,0,0,0,0,0,0,0,0,0,0,1,3.200,1300.0,0762,0,0000,0
0,0,0,0,00,45,0,0,0,000,0,0,2,0,0,1,0,0,0,0,0,0,0,0,0,0,0,0,0,0,0,0,1,0.699,0610.0,4880,2,0000,0
0,0,0,2,65,00,0,1,0,000,0,0,4,0,0,0,0,0,0,0,0,0,0,0,0,0,0,0,1,0,0,0,0,1.000,0610.0,0000,0,0000,0
3,1,0,4,00,00,0,2,1,000,0,0,4,0,0,0,0,0,0,0,0,0,0,0,0,1,0,0,0,0,0,0,0,0.500,0250.0,0000,0,0000,0
0,0,0,0,00,60,1,1,0,000,0,0,0,0,0,0,0,1,1,0,0,0,1,0,0,0,0,0,0,0,0,0,1,0.801,0255.1,0269,0,0000,0
4,0,0,1,00,00,0,0,2,000,0,0,4,0,0,0,1,0,0,0,0,0,0,0,0,0,0,0,0,0,0,0,1,0.800,0610.0,0762,0,0000,0
0,0,0,0,00,00,0,0,2,000,0,0,0,0,0,0,0,1,0,0,0,0,0,0,0,0,0,0,0,0,0,0,1,0.700,0610.0,4880,0,0000,0
4,0,0,1,00,00,0,0,2,000,0,0,4,0,0,0,0,0,0,0,0,0,0,0,0,0,0,0,0,0,0,0,1,2.000,1500.0,0612,0,0000,0
4,0,0,1,00,00,0,0,3,000,0,0,4,0,0,0,0,0,0,0,0,0,0,0,0,0,0,0,0,0,0,0,1,1.601,0830.0,0881,0,0000,0
0,0,0,0,00,00,0,0,2,000,0,0,1,0,0,0,0,0,0,0,0,0,1,0,0,0,0,0,0,0,0,0,0,1.600,0610.0,0000,0,0000,2
0,0,0,1,00,00,0,0,2,000,0,0,1,0,0,0,0,0,0,0,0,0,0,0,0,0,0,0,0,0,0,0,1,3.200,0610.0,0762,0,0000,0
0,0,0,1,00,00,0,0,2,000,0,0,1,0,0,0,0,0,0,0,0,0,0,0,0,0,0,0,1,0,0,0,0,0.700,1320.0,0000,0,0000,0
0,0,0,4,00,50,1,1,0,000,0,0,0,0,0,0,1,0,0,0,0,0,0,0,0,0,0,0,0,0,0,0,0,3.200,1320.0,0000,0,0000,0
0,2,0,0,00,00,0,0,5,000,1,0,1,0,0,0,0,0,0,0,0,0,0,0,0,0,0,0,0,0,0,0,0,0.700,0609.9,0000,0,0000,0
0,0,0,0,00,00,0,0,2,000,0,0,1,0,0,1,0,0,0,0,0,0,0,0,0,0,0,0,0,0,0,0,1,0.300,0610.0,0762,1,0000,0
3,1,0,4,00,00,0,2,1,000,0,0,4,0,0,0,0,0,0,0,0,1,0,0,0,0,0,0,0,0,0,0,0,1.600,1220.0,0000,0,0000,0
0,0,0,4,00,00,0,0,1,000,0,0,0,0,0,0,0,0,0,0,0,0,1,0,0,0,0,0,0,0,0,0,1,0.300,0610.0,0762,0,0000,0
0,0,0,5,00,00,0,1,0,310,0,0,0,0,0,0,0,0,0,0,0,0,0,0,0,0,0,0,0,0,0,0,1,1.600,1274.9,4880,0,0000,0
0,0,0,4,00,00,0,0,1,000,0,0,0,0,0,0,0,0,0,0,0,0,0,0,0,0,0,0,0,0,0,0,1,0.699,1300.0,4880,0,0000,0
0,0,0,1,00,00,0,0,2,000,0,0,1,0,0,0,0,0,0,0,0,0,0,0,0,0,0,0,1,0,0,0,0,3.200,1320.0,0000,0,0000,0
4,0,0,1,00,00,0,0,3,000,0,0,4,0,0,0,0,0,0,0,0,0,0,0,0,0,0,0,0,0,0,0,1,2.000,1525.0,0612,0,0000,0
0,0,0,1,00,00,0,0,3,000,0,0,1,0,0,0,0,0,0,0,0,0,0,0,0,0,0,0,0,0,0,0,0,0.800,0075.0,0000,0,0000,0
0,0,0,1,00,00,0,0,2,000,0,0,1,0,0,0,0,0,0,0,0,0,0,0,0,0,0,0,1,0,0,0,0,1.201,0050.0,0000,0,0000,0
3,1,0,4,00,00,0,2,1,000,0,0,4,0,0,0,0,0,0,0,0,1,0,0,0,0,0,0,0,0,0,0,1,1.600,0610.0,0762,0,0000,0
0,0,0,0,00,60,1,1,0,000,0,0,0,0,0,0,0,1,1,0,0,0,1,0,0,0,0,0,0,0,0,0,1,0.800,0356.0,4880,0,0000,0
4,0,0,6,00,00,0,1,0,600,0,1,4,0,0,0,0,0,0,0,0,0,0,0,0,0,0,0,0,0,0,0,1,2.000,1320.0,4880,0,0000,0
0,0,0,0,00,70,1,1,0,000,0,0,0,0,0,0,0,1,0,0,0,0,0,0,0,0,0,0,0,0,0,0,0,0.800,0050.0,0000,0,0000,0
0,0,0,2,45,00,0,1,0,000,0,0,4,0,0,0,1,2,0,0,0,0,0,0,0,0,0,0,0,0,0,0,0,3.200,0640.0,0000,0,0600,0
4,0,0,7,00,00,0,0,2,000,0,0,4,2,0,0,0,0,0,0,0,0,0,0,0,0,0,0,0,0,0,0,1,0.800,1320.0,0001,0,0000,0
4,0,0,4,00,00,0,1,0,500,0,1,4,0,0,0,0,0,0,0,0,0,0,0,0,0,0,0,0,0,0,0,1,1.600,0609.9,4880,0,0000,0
1,2,0,0,00,85,1,1,0,000,0,0,1,0,0,0,1,0,0,0,0,0,0,0,0,0,0,0,0,0,0,0,1,0.400,1220.0,0762,0,0000,0
4,0,0,1,00,00,0,0,2,000,0,0,4,0,0,0,1,0,0,0,0,0,0,0,0,0,0,0,0,0,0,0,1,1.599,0610.0,4880,0,0000,0
3,1,0,4,00,00,0,2,1,000,0,0,4,0,0,0,0,0,0,0,0,0,0,0,0,1,0,0,0,0,0,0,0,0.799,0249.9,0000,0,0000,0
0,0,0,0,00,00,0,0,2,000,0,0,3,0,0,0,0,0,0,0,0,0,0,0,0,0,0,0,0,0,0,0,1,0.999,0610.0,0762,0,0000,0
4,0,0,1,00,00,0,0,2,000,0,0,4,0,0,0,0,1,0,0,0,0,0,0,0,0,0,0,0,0,0,0,0,1.600,0610.0,0000,0,0000,0
4,0,0,7,00,00,0,0,2,000,0,0,4,2,0,0,0,0,0,0,0,0,0,0,0,0,0,0,0,0,0,0,0,2.000,1525.0,0000,0,0000,0
4,0,0,1,00,00,0,0,2,000,0,0,4,0,0,0,0,0,1,0,0,0,0,0,0,0,0,0,0,0,0,0,1,1.599,1320.0,4880,0,0000,0
4,0,0,1,00,00,0,0,3,000,0,0,4,0,0,0,0,0,0,0,0,0,0,0,0,0,0,0,0,0,0,0,1,0.800,1320.0,0762,0,0000,0
0,0,0,0,00,00,0,0,3,000,1,0,0,0,0,0,0,0,0,0,0,0,0,0,0,0,0,0,0,0,0,0,0,0.601,1320.0,0000,0,0000,0
0,0,0,2,45,00,0,1,0,000,0,0,4,0,0,0,1,2,0,0,0,0,0,0,0,0,0,0,0,0,0,0,0,2.200,0640.0,0000,0,0000,0
0,0,0,1,06,00,1,1,0,000,0,0,4,0,0,0,0,0,0,0,0,0,0,0,0,0,0,0,0,0,0,0,0,1.000,0610.0,0000,0,0000,0
0,0,0,1,00,00,0,0,2,000,0,0,1,0,0,0,0,1,1,0,0,0,1,0,0,0,0,0,0,0,0,0,1,1.200,0609.9,4170,0,0000,0
0,0,0,2,65,00,0,1,0,000,0,0,4,0,0,0,1,2,0,0,0,0,0,0,0,0,0,0,0,0,0,0,0,3.200,0900.0,0000,0,0500,0
0,0,0,1,00,00,0,0,2,000,0,0,1,0,0,0,0,0,0,0,0,0,0,0,0,0,0,0,0,0,0,0,0,0.651,0020.0,0000,0,0000,0
0,0,0,0,00,00,0,0,2,000,0,0,1,0,0,1,0,1,1,0,0,0,0,0,0,0,0,0,0,0,0,0,1,1.599,1300.0,4880,0,0000,0
0,0,0,0,00,00,0,0,3,000,1,0,3,0,0,0,0,1,1,0,0,0,1,0,0,0,0,0,0,0,0,0,1,0.600,0610.0,4170,0,0000,0
0,0,0,0,00,60,1,1,0,000,0,0,0,0,0,0,0,2,0,0,0,0,0,0,0,0,0,0,0,0,0,0,0,2.801,0355.0,0000,0,0000,0
0,0,0,0,00,00,0,0,2,000,0,0,0,0,0,0,0,0,0,0,0,0,0,0,0,0,0,0,1,0,0,0,0,0.700,1320.0,0000,0,0000,0
0,0,0,0,00,00,0,0,3,000,1,0,3,0,0,0,0,1,1,0,0,0,1,0,0,0,0,0,0,0,0,0,1,0.600,1220.0,0762,0,0000,0
4,0,0,7,00,00,0,0,2,000,0,0,4,2,0,0,0,0,0,0,0,0,0,0,0,0,0,0,0,0,0,0,1,1.599,1320.0,0762,0,0000,0
0,2,0,0,00,50,1,1,0,000,0,0,1,0,0,1,0,0,0,0,0,0,0,0,0,0,0,0,0,0,0,0,0,1.600,1250.0,0000,0,0000,0
0,0,0,0,00,00,0,0,2,000,0,0,0,0,0,0,0,1,0,0,0,0,0,0,0,0,0,0,0,0,0,0,1,3.200,0610.0,4880,0,0000,0
3,1,0,0,00,00,0,1,3,000,1,0,4,0,0,0,0,0,0,0,0,0,0,0,0,1,0,0,0,0,0,0,0,0.799,0020.0,0000,0,0000,0
0,0,0,1,00,00,0,0,2,000,0,0,1,0,0,1,0,0,0,0,0,0,0,0,0,0,0,0,0,0,0,0,0,0.699,0610.0,0000,0,0000,3
4,0,0,1,00,00,0,0,2,000,0,0,4,0,0,0,0,0,1,0,0,0,0,0,0,0,0,0,0,0,0,0,1,2.000,0610.0,0612,0,0000,0
0,0,0,0,00,60,1,1,0,000,0,0,0,0,0,0,0,1,1,0,0,0,1,0,0,0,0,0,0,0,0,0,1,0.801,0255.0,0269,0,0000,0
2,0,0,3,00,00,0,1,0,400,0,0,4,0,0,0,0,0,0,0,0,0,0,0,0,0,0,0,0,0,0,0,0,1.000,0075.0,0000,0,0000,0
0,0,0,0,00,00,0,0,2,000,0,0,3,0,0,1,0,1,1,0,0,0,0,0,0,0,0,0,0,0,0,0,1,0.600,1220.0,4880,0,0000,0
3,1,0,0,00,00,0,1,3,000,1,0,4,0,0,0,0,1,0,0,0,0,0,0,0,1,0,0,0,0,0,0,1,1.600,0610.0,0762,0,0000,0
1,0,0,0,00,85,1,1,0,000,0,0,0,0,0,0,0,0,0,0,0,0,0,0,0,0,0,0,0,0,0,0,1,0.300,1220.0,0762,0,0000,0
1,0,0,0,00,85,1,1,0,000,0,0,0,0,0,0,0,0,0,0,0,0,0,0,0,0,0,0,0,0,0,0,0,3.200,0610.0,0000,1,0000,0
0,0,0,2,45,00,0,1,0,000,0,0,4,0,0,0,0,0,0,0,0,0,0,0,0,0,0,0,0,0,0,0,0,1.500,0640.0,0000,0,0000,0
0,0,0,5,00,00,0,1,0,310,0,0,0,0,0,0,0,0,0,0,0,0,0,0,0,0,0,0,0,0,0,0,1,2.501,1275.0,4880,0,0000,0
0,0,0,0,00,00,0,0,3,000,1,0,3,0,0,0,0,1,1,0,0,0,1,0,0,0,0,0,0,0,0,0,1,1.200,0610.0,4170,0,0000,0
0,0,0,1,00,00,0,0,2,000,0,0,1,0,0,1,0,0,0,0,0,0,0,0,0,0,0,0,0,0,0,0,1,0.700,0609.9,0762,0,0000,0
0,0,0,1,00,00,0,0,2,000,0,0,1,0,0,0,0,1,1,0,0,0,0,0,0,0,0,0,0,0,0,0,1,0.700,1300.0,0762,0,0000,0
0,0,0,0,00,70,1,1,0,000,0,0,0,0,0,0,0,0,0,0,0,0,0,0,0,0,0,0,1,0,0,0,0,0.600,1320.0,0000,0,0600,0
0,0,0,2,55,00,0,1,0,000,0,0,4,0,0,0,1,2,0,0,0,0,0,0,0,0,0,0,0,0,0,0,0,2.300,0900.0,0000,0,0600,0
0,0,0,0,00,00,0,0,2,000,0,0,0,0,0,0,1,0,0,0,0,0,0,0,0,0,0,0,0,0,0,0,0,0.300,0610.0,0000,0,0000,0
0,0,0,0,00,00,0,0,2,000,0,0,1,0,0,0,0,0,1,0,0,0,0,0,0,0,0,0,0,0,0,0,1,0.700,0610.0,4880,0,0000,0
0,0,0,0,00,00,0,0,3,000,1,0,1,0,0,0,0,0,0,0,0,0,0,0,0,0,0,0,0,0,0,0,1,1.000,1320.0,0762,0,0000,0
0,0,0,4,00,00,0,0,1,000,0,0,0,0,0,0,0,0,0,0,0,0,0,0,0,0,0,0,0,0,0,0,0,0.799,0020.0,0000,0,0000,0
0,0,0,2,45,00,0,1,0,000,0,0,4,0,0,0,1,2,0,0,0,0,0,0,0,0,0,0,0,0,0,0,0,1.500,0640.0,0000,0,0000,0
0,0,0,1,00,00,0,0,3,000,0,0,1,0,0,0,0,0,0,0,0,0,0,0,0,0,0,0,0,0,0,0,1,0.601,0375.0,0612,0,0000,0
3,1,0,4,00,00,0,2,1,000,0,0,4,0,0,0,0,0,0,0,0,0,0,0,0,1,0,0,0,0,0,0,0,1.600,0610.0,0000,0,0000,0
0,0,0,1,00,00,0,0,2,000,0,0,1,0,0,0,0,1,0,0,0,0,0,0,0,0,0,0,0,0,0,0,1,1.600,0500.0,0762,0,0000,0
0,0,0,1,00,00,0,1,0,500,0,0,4,0,0,0,1,0,0,0,0,0,0,0,0,0,0,0,0,0,0,0,0,1.600,1320.0,0000,0,0000,0
3,1,0,0,00,00,0,1,3,000,1,0,4,0,0,0,0,0,0,0,0,0,0,0,0,1,0,0,0,0,0,0,0,1.200,0609.9,0000,0,0000,0
0,0,0,0,00,00,0,0,2,000,0,0,3,0,0,1,0,1,0,0,0,0,0,0,0,0,0,0,0,0,0,0,1,0.600,0609.9,0762,0,0000,0
0,0,0,0,00,00,0,0,2,000,0,0,0,0,0,0,1,0,0,0,0,0,0,0,0,0,0,0,0,0,0,0,1,0.700,1300.0,4880,0,0000,0
0,0,0,6,00,00,0,1,0,350,0,0,0,0,0,0,0,0,0,0,0,0,0,0,0,0,0,0,0,0,0,0,0,1.600,0609.9,0000,0,0000,0
0,0,0,1,00,00,0,0,2,000,0,0,1,0,0,0,0,0,0,0,0,0,0,0,0,0,0,0,0,0,0,0,1,0.700,0374.9,0762,0,0000,0
0,0,0,6,00,00,0,1,0,350,0,0,0,0,0,0,1,2,0,0,0,0,0,0,0,0,0,0,0,0,0,0,0,1.400,1310.0,0000,0,0000,0
0,0,0,1,00,00,0,0,2,000,0,0,1,0,0,0,0,1,1,0,0,0,0,0,0,0,0,0,0,0,0,0,1,0.400,0610.0,0150,0,0000,0
0,0,0,0,00,00,0,0,2,000,0,0,1,0,0,0,0,0,0,0,0,0,0,0,0,0,0,0,0,0,0,0,0,3.200,0609.9,0000,0,0000,0
4,0,0,1,00,00,0,0,3,000,0,0,4,0,0,0,0,0,0,0,0,0,0,0,0,0,0,0,0,0,0,0,1,0.800,0609.9,0762,0,0000,0
0,0,0,0,00,00,0,0,2,000,0,0,1,0,0,0,0,0,0,0,0,0,0,0,0,0,0,0,0,0,0,0,1,3.200,1320.1,0762,0,0000,0
0,0,0,0,00,00,0,0,2,000,0,0,0,0,0,0,0,0,0,0,0,0,0,0,0,0,0,0,1,0,0,0,0,0.699,0020.0,0000,0,0000,0
0,0,0,1,00,00,0,0,2,000,0,0,1,0,0,0,0,1,1,0,0,0,0,0,0,0,0,0,0,0,0,0,1,0.699,0609.0,0612,0,0000,0
4,0,0,1,00,00,0,0,2,000,0,0,4,0,0,1,0,0,0,0,0,0,0,0,0,0,0,0,0,0,0,0,1,0.800,1320.0,0762,0,0000,0
0,0,0,0,00,00,0,0,2,000,0,0,0,0,0,1,0,1,0,0,0,0,0,0,0,0,0,0,0,0,0,0,0,0.400,0610.0,0000,0,0000,0
0,0,0,0,00,00,0,0,2,000,0,0,0,0,0,0,0,0,0,0,0,0,0,0,0,0,0,0,0,0,0,0,1,1.200,0609.9,0614,0,0000,0
0,0,0,1,00,00,0,0,2,000,0,0,1,0,0,0,1,2,0,0,0,0,0,0,0,0,0,0,0,0,0,0,0,4.000,0610.0,0000,0,0600,0
0,0,0,0,00,00,0,0,2,000,0,0,1,0,0,0,0,0,0,0,0,0,1,0,0,0,0,0,0,0,0,0,0,1.200,0599.9,0000,0,0000,0
0,0,0,1,00,00,0,0,2,000,0,0,1,0,0,0,0,1,1,0,0,0,1,0,0,0,0,0,0,0,0,0,1,1.599,0610.0,4170,0,0000,0
1,0,0,0,00,85,1,1,0,000,0,0,0,0,0,0,0,0,0,0,0,0,0,0,0,0,0,0,0,0,0,0,1,0.300,1220.0,4880,0,0000,0
0,0,0,5,00,00,0,1,0,310,0,0,0,0,0,0,0,0,0,0,0,0,0,0,0,0,0,0,0,0,0,0,0,2.500,0610.0,0000,0,0600,0
0,0,0,0,00,00,0,0,2,000,0,0,1,0,0,0,0,0,0,0,0,0,1,0,0,0,0,0,0,0,0,0,0,0.699,0610.0,0000,0,0000,0
0,0,0,1,00,00,0,0,2,000,0,0,1,0,0,1,0,1,1,0,0,0,0,0,0,0,0,0,0,0,0,0,1,1.601,0610.0,4880,0,0000,0
0,0,0,1,00,00,0,0,2,000,0,0,1,0,0,0,0,1,1,0,0,0,0,0,0,0,0,0,0,0,0,0,1,0.699,0375.0,0612,0,0000,0
0,0,0,0,00,45,0,0,0,000,0,0,2,0,0,0,0,1,1,0,0,0,0,0,0,0,0,0,0,0,0,0,1,0.400,1220.0,0761,0,0000,0
0,2,0,0,00,70,1,1,0,000,0,0,1,0,0,0,0,0,0,0,0,0,0,0,0,0,0,0,0,0,0,0,0,2.000,1250.0,0000,0,0000,0
0,0,0,0,00,45,0,0,0,000,0,0,2,0,0,0,0,0,0,0,0,0,0,0,0,0,0,0,0,0,0,0,1,0.700,0609.9,3000,0,0000,0
0,0,0,0,00,45,0,0,0,000,0,0,2,0,0,0,0,0,0,0,0,0,0,0,0,0,0,0,0,0,0,0,0,0.699,0610.0,0000,2,0000,0
0,0,0,0,00,00,0,0,2,000,0,0,3,0,0,1,0,1,1,0,0,0,0,0,0,0,0,0,0,0,0,0,1,0.699,0300.1,4880,0,0000,0
0,0,0,0,00,60,1,1,0,000,0,0,0,0,0,0,0,1,1,0,0,0,1,0,0,0,0,0,0,0,0,0,1,0.801,0255.1,0270,0,0000,0
0,0,0,1,00,00,0,0,2,000,0,0,1,0,0,1,0,0,1,0,0,0,0,0,0,0,0,0,0,0,0,0,1,0.300,1320.0,0762,1,0000,0
0,0,0,0,00,00,0,0,2,000,0,0,3,0,0,1,0,0,1,0,0,0,0,0,0,0,0,0,0,0,0,0,1,0.600,0610.0,0761,0,0000,0
0,0,0,0,00,45,0,0,0,000,0,0,2,0,0,1,0,0,0,0,0,0,0,0,0,0,0,0,0,0,0,0,1,0.699,1320.0,0760,2,0000,0
0,0,0,0,00,00,0,0,2,000,0,0,3,0,0,1,0,1,1,0,0,0,0,0,0,0,0,0,0,0,0,0,1,0.699,1320.0,0761,0,0000,0
4,0,0,1,00,00,0,0,2,000,0,0,4,0,0,1,0,0,0,0,0,0,0,0,0,0,0,0,0,0,0,0,1,2.000,1500.0,4170,0,0000,0
3,1,0,0,00,00,0,1,3,000,1,0,4,0,0,0,0,1,0,0,1,0,0,0,0,0,0,0,0,0,0,0,0,1.600,0600.1,0000,0,0000,0
0,0,0,0,00,00,0,0,2,000,0,0,3,0,0,1,0,1,1,0,0,0,0,0,0,0,0,0,0,0,0,0,1,0.700,1220.0,0762,0,0000,0
0,0,0,1,00,00,0,0,2,000,0,0,1,0,0,1,0,0,0,0,0,0,0,0,0,0,0,0,0,0,0,0,1,3.200,0150.0,4880,0,0000,0
4,0,0,7,00,00,0,0,2,000,0,0,4,2,0,0,0,0,0,0,0,0,0,0,0,0,0,0,0,0,0,0,0,0.800,0020.0,0000,0,0000,0
0,0,0,0,00,45,0,0,0,000,0,0,2,0,0,0,0,1,0,0,0,0,0,0,0,0,0,0,0,0,0,0,0,0.301,1320.0,0000,0,0000,0
0,0,0,4,00,00,0,0,1,000,0,0,0,0,0,0,0,1,1,0,0,0,0,0,0,0,0,0,0,0,0,0,1,0.301,0515.0,0610,1,0000,0
0,0,0,0,00,00,0,0,2,000,0,0,3,0,0,1,0,1,1,0,0,0,0,0,0,0,0,0,0,0,0,0,1,0.600,0300.1,4880,0,0000,0
0,0,0,1,00,00,0,0,2,000,0,0,1,0,0,0,0,0,0,0,0,0,0,0,0,0,0,0,0,0,0,0,0,0.901,0966.0,0000,0,0000,0
0,0,0,0,00,00,0,0,2,000,0,0,1,0,0,0,0,0,0,0,0,0,1,0,0,0,0,0,0,0,0,0,0,0.321,0610.0,0000,0,0000,0
2,0,0,3,00,00,0,1,0,400,0,0,4,0,0,0,0,0,0,0,0,0,0,0,0,0,0,0,0,0,0,0,0,0.800,0609.9,0000,0,0000,0
0,2,0,0,00,50,1,1,0,000,0,0,1,0,0,1,0,0,0,0,0,0,0,0,0,0,0,0,0,0,0,0,1,0.601,1250.0,0762,0,0000,0
0,0,0,4,00,00,0,0,1,000,0,0,0,0,0,0,0,0,0,0,0,0,1,0,0,0,0,0,0,0,0,0,1,0.400,1220.0,4170,0,0000,0
0,0,0,1,00,00,0,0,2,000,0,0,1,0,0,0,0,1,1,0,0,0,0,0,0,0,0,0,0,0,0,0,1,1.599,1300.0,0762,0,0000,0
0,0,0,0,00,00,0,0,2,000,0,0,3,0,0,1,0,1,1,0,0,0,0,0,0,0,0,0,0,0,0,0,1,0.699,0610.0,0761,0,0000,0
4,0,0,1,00,00,0,0,2,000,0,0,4,0,0,0,0,0,1,0,0,0,0,0,0,0,0,0,0,0,0,0,1,1.600,0610.0,0612,0,0000,0
0,0,0,2,45,00,0,1,0,000,0,0,4,0,0,0,0,0,0,0,0,0,0,0,0,0,0,0,1,0,0,0,0,0.600,0900.0,0000,0,0000,0
0,0,0,0,00,00,0,0,2,000,0,0,1,0,0,0,0,0,1,0,0,0,0,0,0,0,0,0,0,0,0,0,1,0.300,0610.0,0762,1,0000,0
0,0,0,5,00,00,0,1,0,310,0,0,0,0,0,0,0,0,0,0,0,0,0,0,0,0,0,0,0,0,0,0,0,1.599,1275.0,0000,0,0000,0
0,0,0,2,55,00,0,1,0,000,0,0,4,0,0,0,1,2,0,0,0,0,0,0,0,0,0,0,1,0,0,0,0,1.500,0640.0,0000,0,0000,0
0,0,0,0,00,45,0,0,0,000,0,0,2,0,0,0,0,1,0,0,0,0,0,0,0,0,0,0,0,0,0,0,1,0.300,1320.0,0762,0,0000,0
0,0,0,1,00,00,0,0,2,000,0,0,1,0,0,0,0,0,1,0,0,0,0,0,0,0,0,0,0,0,0,0,1,1.599,1320.0,4880,0,0000,0
0,0,0,0,00,70,1,1,0,000,0,0,0,0,0,0,0,0,0,0,0,0,0,0,0,0,0,0,0,0,0,0,0,2.500,0610.0,0000,0,0600,0
0,0,0,0,00,50,1,1,0,000,0,0,0,0,0,0,0,0,0,0,0,0,0,0,0,0,0,0,1,0,0,0,0,3.200,0610.0,0000,0,0000,0
1,0,0,0,10,00,0,1,0,000,0,0,1,0,0,0,0,0,0,0,0,0,0,0,0,0,0,0,0,0,0,0,0,3.201,0600.0,0000,0,0000,0
0,0,0,4,00,50,1,1,0,000,0,0,0,0,0,0,0,0,0,0,0,0,0,0,0,0,0,0,1,0,0,0,0,1.201,0610.0,0000,0,0000,0
0,0,0,1,00,00,0,0,2,000,0,0,1,0,0,1,0,0,1,0,0,0,0,0,0,0,0,0,0,0,0,0,1,1.601,0150.0,4880,0,0000,0
0,0,0,0,00,00,0,0,2,000,0,0,1,0,0,0,0,0,0,0,0,0,0,0,0,0,0,0,0,0,0,0,0,0.400,0020.0,0000,0,0000,0
0,0,0,0,00,45,0,0,0,000,0,0,2,0,0,0,0,0,0,0,0,0,0,0,0,0,0,0,0,0,0,0,1,0.700,0610.0,0759,0,0000,0
0,0,0,1,00,00,0,0,3,000,0,0,1,0,0,0,0,0,0,0,0,0,0,0,0,0,0,0,0,0,0,0,1,0.600,0609.0,4880,0,0000,0
0,0,0,0,00,00,0,0,2,000,0,0,1,0,0,0,0,1,0,0,0,0,0,0,0,0,0,0,0,0,0,0,1,0.700,0609.9,4880,0,0000,0
0,0,0,1,00,00,0,0,2,000,0,0,1,0,0,0,0,0,0,0,0,0,0,0,0,0,0,0,0,0,0,0,1,0.700,0150.0,0762,0,0000,0
3,1,0,0,00,00,0,1,3,000,1,0,4,0,0,0,0,1,0,0,0,0,0,0,0,1,0,0,0,0,0,0,1,0.600,0610.0,4880,0,0000,0
0,2,0,0,00,50,1,1,0,000,0,0,1,0,0,1,0,0,0,0,0,0,0,0,0,0,0,0,0,0,0,0,1,1.600,1250.0,4880,0,0000,0
0,0,0,7,00,00,0,0,2,000,0,0,4,1,0,0,0,0,0,0,0,0,0,0,0,0,0,0,0,0,0,0,0,0.699,0609.9,0000,0,0000,0
0,0,0,1,06,00,1,1,0,000,0,0,4,0,0,0,0,0,0,0,0,0,0,0,0,0,0,0,0,0,0,0,1,1.000,0610.0,0762,0,0000,0
0,0,0,2,65,00,0,1,0,000,0,0,4,0,0,0,1,2,0,0,0,0,0,0,0,0,0,0,0,0,0,0,0,2.300,0900.0,0000,0,0600,0
0,0,0,1,00,00,0,0,2,000,0,0,1,0,0,0,0,0,0,0,0,0,0,0,0,0,0,0,0,0,0,0,0,0.700,0610.0,0000,0,0000,0
3,1,0,0,00,00,0,1,3,000,1,0,4,0,0,0,0,0,0,0,0,0,0,0,0,1,0,0,0,0,0,0,1,1.600,1220.0,0761,0,0000,0
0,2,0,0,00,50,1,1,0,000,0,0,1,0,0,1,0,0,0,0,0,0,0,0,0,0,0,0,0,0,0,0,1,0.601,1250.0,4880,0,0000,0
0,0,0,0,00,00,0,0,2,000,0,0,0,0,0,0,0,0,1,0,0,0,0,0,0,0,0,0,0,0,0,0,1,1.601,1300.0,0762,0,0000,0
0,0,0,0,00,00,0,0,2,000,0,0,3,0,0,1,0,0,1,0,0,0,0,0,0,0,0,0,0,0,0,0,1,0.699,1220.0,4880,0,0000,0
0,0,0,4,00,00,0,0,1,000,0,0,0,0,0,0,0,1,1,0,0,0,0,0,0,0,0,0,0,0,0,0,1,0.300,1300.0,0762,0,0000,0
0,0,0,0,00,00,0,0,2,000,0,0,1,0,0,0,0,0,0,0,0,0,0,0,0,0,0,0,1,0,0,0,0,3.201,0152.0,0000,0,0000,0
0,0,0,1,00,00,0,0,2,000,0,0,1,0,0,1,0,0,0,0,0,0,0,0,0,0,0,0,0,0,0,0,0,0.700,0610.0,0000,0,0000,3
0,0,0,1,00,00,0,0,2,000,0,0,1,0,0,0,1,0,0,0,0,0,0,0,0,0,0,0,0,0,0,0,1,3.200,1300.0,4880,0,0000,0
3,1,0,0,00,00,0,1,3,000,1,0,4,0,0,0,0,0,0,0,1,0,0,0,0,0,0,0,0,0,0,0,1,1.200,0335.0,0612,0,0000,0
4,0,0,1,00,00,0,0,3,000,0,0,4,0,0,0,0,0,0,0,0,0,0,0,0,0,0,0,0,0,0,0,1,2.000,0610.0,4170,0,0000,0
4,0,0,1,00,00,0,0,3,000,0,0,4,0,0,0,0,0,0,0,0,0,0,0,0,0,0,0,0,0,0,0,1,1.601,0830.0,0881,0,0000,0
0,0,0,4,00,70,1,1,0,000,0,0,0,0,0,0,0,0,0,0,0,0,0,0,0,0,0,0,0,0,0,0,0,0.799,0609.0,0000,0,0000,0
4,0,0,1,00,00,0,0,2,000,0,0,4,0,0,0,0,1,1,0,0,0,0,0,0,0,0,0,0,0,0,0,1,0.800,1300.0,0762,0,0000,0
0,0,0,0,00,00,0,0,2,000,0,0,3,0,0,1,0,1,1,0,0,0,0,0,0,0,0,0,0,0,0,0,1,0.699,0609.9,0000,0,0000,0
0,0,0,0,00,00,0,0,3,000,1,0,1,0,0,0,0,0,0,0,0,0,0,0,0,0,0,0,0,0,0,0,0,0.600,0610.0,0000,0,0000,0
0,0,0,1,00,00,0,0,2,000,0,0,1,0,0,0,0,0,0,0,0,0,0,0,0,0,0,0,0,0,0,0,1,0.700,0374.9,4880,0,0000,0
4,0,0,6,00,00,0,1,0,600,0,0,0,0,0,0,0,0,0,0,0,0,0,0,0,0,0,0,0,0,0,0,1,1.299,1050.0,1220,0,0000,0
0,0,0,0,00,45,0,0,0,000,0,0,2,0,0,0,0,1,1,0,0,0,0,0,0,0,0,0,0,0,0,0,1,0.400,0610.0,0300,0,0000,0
0,0,0,1,00,00,0,0,2,000,0,0,1,0,0,0,0,0,0,0,0,0,0,0,0,0,0,0,0,0,0,0,0,0.700,0610.0,0000,0,0000,0
0,0,0,1,00,00,0,0,2,000,0,0,1,0,0,1,0,0,0,0,0,0,0,0,0,0,0,0,0,0,0,0,0,3.200,0610.0,0000,0,0000,0
0,0,0,0,00,00,0,0,2,000,0,0,1,0,0,1,0,0,0,0,0,0,0,0,0,0,0,0,0,0,0,0,1,0.300,1320.0,0762,1,0000,0
0,0,0,0,00,00,0,0,2,000,0,0,1,0,0,0,0,1,1,0,0,0,0,0,0,0,0,0,0,0,0,0,1,1.600,1320.0,1000,0,0000,0
0,0,0,0,00,00,0,0,2,000,0,0,0,0,0,1,0,1,1,0,0,0,0,0,0,0,0,0,0,0,0,0,1,0.700,0610.0,4880,0,0000,0
0,0,0,0,04,00,1,1,0,000,0,0,0,0,0,0,0,0,0,0,0,0,0,0,0,0,0,0,0,0,0,0,0,1.000,1130.0,0000,0,0000,0
0,0,0,0,00,00,0,0,2,000,0,0,3,0,0,1,0,1,1,0,0,0,0,0,0,0,0,0,0,0,0,0,1,0.600,1220.0,0762,0,0000,0
0,0,0,0,00,00,0,0,2,000,0,0,1,0,0,0,0,0,0,0,0,0,0,0,0,0,0,0,1,0,0,0,0,3.201,0609.9,0000,0,0000,0
0,0,0,0,00,00,0,0,2,000,0,0,3,0,0,1,0,1,1,0,0,0,0,0,0,0,0,0,0,0,0,0,1,0.999,1220.0,4880,0,0000,0
0,0,0,0,00,00,0,0,2,000,0,0,3,0,0,1,0,1,0,0,0,0,0,0,0,0,0,0,0,0,0,0,1,0.699,0520.0,0762,0,0000,0
0,0,0,1,00,00,0,0,2,000,0,0,1,0,0,0,1,0,0,0,0,0,0,0,0,0,0,0,0,0,0,0,1,3.200,1300.0,0762,0,0000,0
0,0,0,4,00,00,0,0,1,000,0,0,0,0,0,0,0,0,0,0,0,0,0,0,0,0,0,0,0,0,0,0,1,0.300,1320.0,0762,1,0000,0
0,0,0,0,00,00,0,0,3,000,1,0,1,0,0,0,0,0,0,0,0,0,0,0,0,0,0,0,0,0,0,0,1,1.000,1320.0,4880,0,0000,0
0,0,0,1,00,00,0,0,2,000,0,0,1,0,0,0,0,1,0,0,0,0,0,0,0,0,0,0,0,0,0,0,0,0.699,1320.0,0000,0,0000,0
0,0,0,0,00,45,0,0,0,000,0,0,2,0,0,0,0,1,1,0,0,0,0,0,0,0,0,0,0,0,0,0,1,0.400,1220.0,0300,0,0000,0
4,0,0,1,00,00,0,0,2,000,0,0,4,0,0,1,0,0,0,0,0,0,0,0,0,0,0,0,0,0,0,0,1,0.800,1500.0,4170,0,0000,0
0,0,0,2,65,00,0,1,0,000,0,0,4,0,0,0,0,0,0,0,0,0,0,0,0,0,0,0,0,0,0,0,0,1.100,0610.0,0000,0,0000,0
0,0,0,1,00,00,0,0,3,000,0,0,1,0,0,0,0,0,0,0,0,0,0,0,0,0,0,0,0,0,0,0,1,0.600,0609.0,0612,0,0000,0
0,0,0,1,00,00,0,0,2,000,0,0,1,0,0,0,0,0,0,0,0,0,1,0,0,0,0,0,0,0,0,0,1,0.700,0609.9,4170,0,0000,0
4,0,0,1,00,00,0,0,3,000,0,0,4,0,0,0,0,0,0,0,0,0,0,0,0,0,0,0,0,0,0,0,0,0.800,0020.0,0000,0,0000,0
0,2,0,1,00,00,0,2,2,000,0,0,0,0,0,0,0,0,0,0,0,0,0,0,0,0,0,0,0,0,0,0,0,0.250,0020.0,0000,0,0000,0
0,0,0,0,00,00,0,0,3,000,1,0,1,0,0,0,0,0,0,0,0,0,1,0,0,0,0,0,0,0,0,0,0,0.800,0900.1,0000,0,0000,0
0,0,0,1,00,00,0,0,2,000,0,0,1,0,0,1,0,0,0,0,0,0,0,0,0,0,0,0,0,0,0,0,0,1.600,1320.0,0000,0,0000,0
0,0,0,1,00,00,0,0,2,000,0,0,1,0,0,1,0,1,0,0,0,0,0,0,0,0,0,0,0,0,0,0,0,1.600,0610.0,0000,0,0000,0
0,0,0,0,00,00,0,0,3,000,1,0,1,0,0,0,0,0,0,0,0,0,0,0,0,0,0,0,1,0,0,0,0,0.700,0610.0,0000,0,0000,0
0,0,0,0,00,45,0,0,0,000,0,0,2,0,0,0,0,0,0,0,0,0,0,0,0,0,0,0,0,0,0,0,1,1.600,1320.0,0612,0,0000,0
1,0,0,0,00,85,1,1,0,000,0,0,0,0,0,0,0,2,0,0,0,0,0,0,0,0,0,0,1,0,0,0,0,3.201,0610.0,0000,0,0600,0
0,0,0,0,00,60,1,1,0,000,0,0,0,0,0,0,0,1,1,0,0,0,1,0,0,0,0,0,0,0,0,0,1,0.800,0356.1,4880,0,0000,0
0,0,0,0,00,00,0,0,2,000,0,0,1,0,0,0,0,0,0,0,0,0,1,0,0,0,0,0,0,0,0,0,0,0.700,0020.0,0000,0,0000,0
0,0,0,1,00,00,0,0,2,000,0,0,1,0,0,0,0,0,0,0,0,0,0,0,0,0,0,0,0,0,0,0,0,0.400,0610.0,0000,0,0000,0
0,0,0,2,55,00,0,1,0,000,0,0,4,0,0,0,0,2,0,0,0,0,0,0,0,0,0,0,0,0,0,0,0,2.300,0640.0,0000,0,0600,0
1,2,0,0,00,85,1,1,0,000,0,0,1,0,0,0,1,0,0,0,0,0,0,0,0,0,0,0,0,0,0,0,1,1.000,0610.0,0762,0,0000,0
3,1,0,4,00,00,0,2,1,000,0,0,4,0,0,0,0,0,0,0,0,0,0,0,0,1,0,0,0,0,0,0,0,0.800,0050.0,0000,0,0000,0
0,2,0,0,00,50,1,1,0,000,0,0,1,0,0,1,0,0,0,0,0,0,1,0,0,0,0,0,0,0,0,0,0,0.451,0020.0,0000,0,0000,0
4,0,0,4,00,00,0,1,0,500,0,1,4,0,0,0,0,0,0,0,0,0,0,0,0,0,0,2,0,0,0,0,1,2.000,0609.9,0301,0,0000,0
0,0,0,0,00,45,0,0,0,000,0,0,2,0,0,0,0,0,1,0,0,0,0,0,0,0,0,0,0,0,0,0,1,0.700,1320.0,4880,0,0000,0
0,0,0,1,00,00,0,0,2,000,0,0,1,0,0,0,0,0,1,0,0,0,0,0,0,0,0,0,0,0,0,0,1,3.200,1300.0,4880,0,0000,0
0,0,0,0,00,00,0,0,3,000,1,0,1,0,0,0,0,0,0,0,0,0,0,0,0,0,0,0,0,0,0,0,0,0.600,0609.0,0000,0,0000,0
0,0,0,1,00,00,0,0,3,000,0,0,1,0,0,0,0,0,0,0,0,0,0,0,0,0,0,0,0,0,0,0,1,0.601,0610.0,4880,0,0000,0
0,0,0,2,65,00,0,1,0,000,0,0,4,0,0,0,0,2,0,0,0,0,0,0,0,0,0,0,0,0,0,0,0,1.500,0900.0,0000,0,0000,0
0,0,0,1,00,00,0,0,2,000,0,0,1,0,0,0,0,0,0,0,0,0,1,0,0,0,0,0,0,0,0,0,1,1.200,0610.0,4170,0,0000,0
0,0,0,1,00,00,0,0,2,000,0,0,1,0,0,0,0,2,0,0,0,0,0,0,0,0,0,0,0,0,0,0,0,4.000,0385.1,0000,0,0000,0
0,0,0,0,00,00,0,0,2,000,0,0,1,0,0,0,0,0,0,0,0,0,0,0,0,0,0,0,0,0,0,0,1,0.699,1320.0,0762,1,0000,0
3,1,0,4,00,00,0,2,1,000,0,0,4,0,0,0,0,0,0,0,1,0,0,0,0,0,0,0,0,0,0,0,0,0.600,0250.0,0000,0,0000,0
4,0,0,1,00,00,0,0,3,000,0,0,4,0,0,0,0,1,1,0,0,0,0,0,0,0,0,0,0,0,0,0,1,0.800,0610.0,0762,0,0000,0
0,0,0,0,00,00,0,0,2,000,0,0,1,0,0,0,0,0,1,0,0,0,0,0,0,0,0,0,0,0,0,0,1,1.599,1320.0,0762,0,0000,0
0,0,0,2,55,00,0,1,0,000,0,0,4,0,0,0,0,2,0,0,0,0,0,0,0,0,0,0,0,0,0,0,0,2.300,0900.0,0000,0,0500,0
0,0,0,0,00,00,0,0,2,000,0,0,0,0,0,0,0,1,1,0,0,0,1,0,0,0,0,0,0,0,0,0,1,0.700,1300.0,4170,0,0000,0
0,0,0,1,06,00,1,1,0,000,0,0,4,0,0,1,0,0,0,0,0,0,0,0,0,0,0,0,0,0,0,0,1,1.000,1320.0,0762,0,0000,0
0,2,0,0,00,00,0,0,5,000,1,0,1,0,0,0,0,0,0,0,0,0,0,0,0,0,0,0,0,0,0,0,1,1.200,0610.0,0762,0,0000,0
0,0,0,0,00,00,0,0,3,000,1,0,1,0,0,0,1,0,0,0,0,0,0,0,0,0,0,0,0,0,0,0,0,2.500,1320.0,0000,0,0000,0
0,0,0,0,00,00,0,0,2,000,0,0,0,0,0,0,0,0,0,0,0,0,0,0,0,0,0,0,0,0,0,0,1,0.699,0610.0,0762,2,0000,0
3,1,0,0,00,00,0,1,3,000,1,0,4,0,0,0,0,0,0,0,0,1,0,0,0,0,0,0,0,0,0,0,1,1.600,1220.0,0762,0,0000,0
0,0,0,0,00,00,0,0,2,000,0,0,3,0,0,1,0,1,0,0,0,0,0,0,0,0,0,0,0,0,0,0,1,0.600,0520.0,4880,0,0000,0
0,0,0,7,00,00,0,0,2,000,0,0,4,1,0,0,0,0,0,0,0,0,0,0,0,0,0,0,0,0,0,0,0,0.800,0609.9,0000,0,0000,0
4,0,0,1,00,00,0,0,2,000,0,0,4,0,0,0,0,1,1,0,0,0,0,0,0,0,0,0,0,0,0,0,1,2.000,0610.0,4170,0,0000,0
0,0,0,0,00,00,0,0,2,000,0,0,1,0,0,0,0,0,0,0,0,0,0,0,0,0,0,0,0,0,0,0,0,0.301,0610.0,0000,2,0000,0
0,2,0,0,00,00,0,0,3,000,1,0,1,0,0,0,0,0,0,0,0,0,0,0,0,0,0,0,0,0,0,0,0,0.799,0020.0,0000,0,0000,0
0,0,0,0,00,45,0,0,0,000,0,0,2,0,0,0,0,0,0,0,0,0,0,0,0,0,0,0,0,0,0,0,0,0.699,1320.0,0000,2,0000,0
0,0,0,0,00,45,0,0,0,000,0,0,1,0,0,0,0,0,0,0,0,0,1,0,0,0,0,0,0,0,0,0,0,0.700,0610.0,0000,0,0000,0
4,0,0,6,00,00,0,1,0,600,0,0,0,0,0,0,1,0,0,0,0,0,0,0,0,0,0,0,0,0,0,0,1,1.299,1050.0,1220,0,0000,0
0,0,0,0,00,00,0,0,2,000,0,0,0,0,0,0,0,1,0,0,0,0,0,0,0,0,0,0,0,0,0,0,0,0.799,1300.0,0000,0,0000,0
0,0,0,4,00,45,0,0,0,000,0,0,1,0,0,0,0,0,0,0,0,0,1,0,0,0,0,0,0,0,0,0,1,1.400,1320.0,4170,0,0000,0
0,0,0,0,00,45,0,0,0,000,0,0,2,0,0,0,0,1,0,0,0,0,0,0,0,0,0,0,0,0,0,0,1,0.700,1300.0,0762,0,0000,0
0,0,0,1,00,00,0,0,2,000,0,0,1,0,0,1,0,0,0,0,0,0,0,0,0,0,0,0,0,0,0,0,1,1.600,0500.0,4880,0,0000,0
0,0,0,1,00,00,0,0,2,000,0,0,1,0,0,1,0,0,0,0,0,0,0,0,0,0,0,0,0,0,0,0,0,1.600,1320.0,0000,0,0000,3
0,0,0,0,00,00,0,0,2,000,0,0,0,0,0,0,0,0,0,0,0,0,0,0,0,0,0,0,0,0,0,0,0,0.699,0020.0,0000,0,0000,0
0,0,0,1,00,00,0,0,3,000,0,0,1,0,0,0,0,0,0,0,0,0,0,0,0,0,0,0,0,0,0,0,1,0.600,0610.0,0762,0,0000,0
0,0,0,1,00,00,0,0,2,000,0,0,1,0,0,0,0,0,0,0,0,0,0,0,0,0,0,0,0,0,0,0,0,0.901,0966.1,0000,0,0000,0
0,0,0,0,00,00,0,0,3,000,1,0,1,0,0,0,0,0,0,0,0,0,0,0,0,0,0,0,0,0,0,0,1,1.000,1320.0,0762,0,0000,0
0,0,0,0,00,70,1,1,0,000,0,0,0,0,0,0,0,1,0,0,0,0,0,0,0,0,0,0,0,0,0,0,0,2.500,0609.9,0000,0,0000,0
0,0,0,0,00,00,0,0,3,000,1,0,1,0,0,0,0,0,0,0,0,0,0,0,0,0,0,0,0,0,0,0,1,0.601,0610.0,4880,0,0000,0
0,0,0,7,00,00,0,0,2,000,0,0,4,1,0,0,0,0,0,0,0,0,0,0,0,0,0,0,0,0,0,0,1,0.700,0610.0,4880,0,0000,0
0,0,0,0,00,00,0,0,3,000,1,0,1,0,0,0,0,1,1,0,0,0,1,0,0,0,0,0,0,0,0,0,1,0.700,0375.0,0612,0,0000,0
0,0,0,0,00,00,0,0,3,000,1,0,1,0,0,0,0,0,0,0,0,0,0,0,0,0,0,0,0,0,0,0,0,1.201,0075.0,0000,0,0000,0
0,0,0,0,00,00,0,0,2,000,0,0,3,0,0,1,0,0,1,0,0,0,0,0,0,0,0,0,0,0,0,0,1,0.600,0609.9,0762,0,0000,0
0,0,0,0,00,00,0,0,2,000,0,0,3,0,0,0,0,0,0,0,0,0,0,0,0,0,0,0,0,0,0,0,1,0.700,1220.0,0762,0,0000,0
3,1,0,0,00,00,0,1,3,000,1,0,4,0,0,0,0,1,0,0,0,0,0,0,0,0,0,0,0,0,0,0,0,1.600,1220.0,0000,0,0000,0
0,0,0,1,06,00,1,1,0,000,0,0,4,0,0,0,0,0,0,0,0,0,0,0,0,0,0,0,0,0,0,0,1,0.600,0610.0,0762,0,0000,0
0,0,0,1,00,00,0,0,2,000,0,0,1,0,0,1,0,0,0,0,0,0,0,0,0,0,0,0,0,0,0,0,0,1.601,1320.0,0000,0,0000,0
0,0,0,4,00,00,0,0,1,000,0,0,0,0,0,0,0,0,0,0,0,0,0,0,0,0,0,0,0,0,0,0,1,0.699,0610.0,0612,0,0000,0
0,0,0,2,45,00,0,1,0,000,0,0,4,0,0,0,0,2,0,0,0,0,0,0,0,0,0,0,0,0,0,0,0,3.200,0900.0,0000,0,0600,0
0,0,0,5,00,00,0,1,0,310,0,0,0,0,0,0,0,1,0,0,0,0,0,0,0,0,0,0,0,0,0,0,0,2.500,1274.9,0000,0,0500,0
1,2,0,0,00,85,1,1,0,000,0,0,1,0,0,0,1,0,0,0,0,0,1,0,0,0,0,0,0,0,0,0,1,1.200,1200.0,0611,0,0000,0
4,0,0,4,00,00,0,1,0,500,0,1,4,0,0,0,0,0,0,0,0,0,0,0,0,0,0,0,0,0,0,0,1,1.600,0610.0,0762,0,0000,0
0,0,0,1,00,00,0,0,2,000,0,0,1,0,0,1,0,1,1,0,0,0,0,0,0,0,0,0,0,0,0,0,1,0.700,0610.0,0762,0,0000,0
0,0,0,0,00,60,1,1,0,000,0,0,0,0,0,0,0,1,1,0,0,0,1,0,0,0,0,0,0,0,0,0,1,0.800,0356.1,0762,0,0000,0
0,0,0,5,00,00,0,1,0,310,0,0,0,0,0,0,0,0,0,0,0,0,0,0,0,0,0,0,0,0,0,0,1,0.800,1275.0,4880,0,0000,0
3,1,0,0,00,00,0,1,3,000,1,0,4,0,0,0,0,0,0,0,0,0,0,0,0,1,0,0,0,0,0,0,0,0.600,0249.9,0000,0,0000,0
0,0,0,0,00,45,0,0,0,000,0,0,2,0,0,0,0,1,1,0,0,0,0,0,0,0,0,0,0,0,0,0,1,0.300,0610.0,0762,0,0000,0
0,0,0,4,00,00,0,0,1,000,0,0,0,0,0,0,0,1,1,0,0,0,0,0,0,0,0,0,0,0,0,0,1,0.300,0595.0,4880,0,0000,0
0,0,0,0,00,45,0,0,0,000,0,0,2,0,0,0,0,1,0,0,0,0,0,0,0,0,0,0,0,0,0,0,1,0.300,0610.0,4880,0,0000,0
4,0,0,1,00,00,0,0,2,000,0,0,4,0,0,0,0,0,0,0,0,0,0,0,0,0,0,0,0,0,0,0,1,1.200,0335.0,0612,0,0000,0
0,0,0,0,00,00,0,0,2,000,0,0,1,0,0,0,0,1,0,0,0,0,0,0,0,0,0,0,0,0,0,0,0,0.400,0610.0,0000,0,0000,0
0,0,0,0,00,00,0,0,2,000,0,0,3,0,0,0,0,0,0,0,0,0,0,0,0,0,0,0,0,0,0,0,1,0.600,0520.0,0762,0,0000,0
0,0,0,0,00,00,0,0,2,000,0,0,1,0,0,0,0,0,0,0,0,0,0,0,0,0,0,0,0,0,0,0,1,4.000,1320.0,0762,0,0000,0
0,0,0,0,00,00,0,0,2,000,0,0,3,0,0,1,0,0,0,0,0,0,0,0,0,0,0,0,0,0,0,0,1,0.600,0300.1,4880,0,0000,0
0,0,0,0,00,00,0,0,2,000,0,0,3,0,0,1,0,0,1,0,0,0,0,0,0,0,0,0,0,0,0,0,1,0.600,0520.0,4880,0,0000,0
0,0,0,0,00,80,1,1,0,000,0,0,0,0,0,0,0,0,0,0,0,0,1,0,0,0,0,0,0,0,0,0,0,0.500,0028.0,0000,0,0000,0
0,0,0,0,00,00,0,0,2,000,0,0,1,0,0,0,0,0,1,0,0,0,0,0,0,0,0,0,0,0,0,0,1,0.700,0610.0,0762,0,0000,0
0,2,0,0,00,50,1,1,0,000,0,0,1,0,0,0,0,0,0,0,0,0,0,0,0,0,0,0,0,0,0,0,0,0.400,1320.0,0000,0,0000,0
0,0,0,0,00,00,0,0,3,000,1,0,1,0,0,0,0,0,0,0,0,0,0,0,0,0,0,0,0,0,0,0,1,1.000,0610.0,0762,0,0000,0
0,0,0,0,00,60,1,1,0,000,0,0,0,0,0,0,0,0,0,0,0,0,0,0,0,0,0,0,1,0,0,0,0,0.600,0050.0,0000,0,0000,0
0,0,0,1,00,00,0,0,2,000,0,0,1,0,0,0,0,0,1,0,0,0,0,0,0,0,0,0,0,0,0,0,1,0.300,1320.0,4880,1,0000,0
0,2,0,1,00,00,0,2,2,000,0,0,0,0,0,0,0,0,0,0,0,0,0,0,0,0,0,0,0,0,0,0,0,0.699,1250.0,0000,0,0000,0
0,0,0,1,00,00,0,0,2,000,0,0,1,0,0,1,0,1,1,0,0,0,0,0,0,0,0,0,0,0,0,0,1,1.601,0610.0,0762,0,0000,0
0,0,0,0,00,00,0,0,2,000,0,0,3,0,0,0,0,0,0,0,0,0,0,0,0,0,0,0,0,0,0,0,1,0.999,1220.0,0762,0,0000,0
0,2,0,0,00,00,0,0,5,000,1,0,1,0,0,0,0,0,0,0,0,0,0,0,0,0,0,0,0,0,0,0,1,1.200,0610.0,4880,0,0000,0
1,2,0,0,00,85,1,1,0,000,0,0,1,0,0,0,1,0,0,0,0,0,1,0,0,0,0,0,0,0,0,0,1,1.200,1200.0,0150,0,0000,0
0,0,0,0,00,60,1,1,0,000,0,0,0,0,0,0,1,0,0,0,0,0,0,0,0,0,0,0,0,0,0,0,0,0.600,0610.0,0000,0,0000,0
0,0,0,0,00,00,0,0,2,000,0,0,1,0,0,0,0,0,1,0,0,0,0,0,0,0,0,0,0,0,0,0,1,0.700,1320.0,0762,0,0000,0
0,0,0,1,00,00,0,2,3,000,0,0,0,0,0,0,0,0,0,0,0,0,0,0,0,0,0,0,0,0,0,0,1,0.700,1320.0,4880,0,0000,0
0,0,0,2,55,00,0,1,0,000,0,0,4,0,0,0,1,0,0,0,0,0,0,0,0,0,0,0,0,0,0,0,0,1.100,0900.0,0000,0,0000,0
0,0,0,1,00,00,0,0,2,000,0,0,1,0,0,0,0,1,1,0,0,0,1,0,0,0,0,0,0,0,0,0,1,1.200,1320.0,0611,0,0000,0
1,0,0,0,00,85,1,1,0,000,0,0,0,0,0,0,0,0,0,0,0,0,0,0,0,0,0,0,0,0,0,0,0,1.201,1220.0,0000,1,0000,0
0,0,0,0,00,45,0,0,0,000,0,0,2,0,0,0,0,0,0,0,0,0,0,0,0,0,0,0,0,0,0,0,1,0.700,1320.0,0762,0,0000,0
0,0,0,1,06,00,1,1,0,000,0,0,4,0,0,1,0,0,0,0,0,0,0,0,0,0,0,0,0,0,0,0,0,0.500,0025.0,0000,0,0000,0
0,0,0,2,55,00,0,1,0,000,0,0,4,0,0,0,0,2,0,0,0,0,0,0,0,0,0,0,0,0,0,0,0,3.200,0900.0,0000,0,0600,0
0,0,0,0,00,00,0,0,3,000,1,0,0,0,0,0,0,0,0,0,0,0,0,0,0,0,0,0,0,0,0,0,0,2.500,1320.0,0000,0,0000,0
0,0,0,0,00,00,0,0,2,000,0,0,1,0,0,0,0,0,0,0,0,0,0,0,0,0,0,0,0,0,0,0,0,0.699,0610.0,0000,2,0000,0
0,0,0,1,00,00,0,0,2,000,0,0,1,0,0,1,0,0,1,0,0,0,0,0,0,0,0,0,0,0,0,0,1,3.200,1300.0,4880,0,0000,0
0,2,0,0,00,50,1,1,0,000,0,0,1,0,0,0,0,0,0,0,0,0,0,0,0,0,0,0,0,0,0,0,0,0.700,0610.0,0000,0,0000,0
0,0,0,1,00,00,0,0,3,000,0,0,1,0,0,0,0,0,0,0,0,0,0,0,0,0,0,0,0,0,0,0,1,0.600,0375.0,4880,0,0000,0
0,0,0,0,00,45,0,0,0,000,0,0,2,0,0,0,0,0,0,0,0,0,0,0,0,0,0,0,0,0,0,0,1,0.599,0150.0,4880,0,0000,0
0,0,0,1,00,00,0,0,2,000,0,0,1,0,0,0,0,1,1,0,0,0,1,0,0,0,0,0,0,0,0,0,1,1.200,0610.0,0150,0,0000,0
0,0,0,0,00,00,0,0,2,000,0,0,0,0,0,0,0,0,0,0,0,0,0,0,0,0,0,0,0,0,0,0,1,0.400,0610.0,0762,2,0000,0
1,0,0,0,00,85,1,1,0,000,0,0,0,0,0,0,0,0,0,0,0,0,0,0,0,0,0,0,0,0,0,0,0,1.201,0610.0,0000,1,0000,0
0,2,0,0,00,50,1,1,0,000,0,0,1,0,0,0,0,0,0,0,0,0,0,0,0,0,0,0,0,0,0,0,0,0.300,1250.0,0000,0,0000,0
0,0,0,2,45,00,0,1,0,000,0,0,4,0,0,0,0,0,0,0,0,0,0,0,0,0,0,0,0,0,0,0,0,0.600,0610.0,0000,0,0000,0
0,0,0,0,00,45,0,0,0,000,0,0,2,0,0,0,0,0,0,0,0,0,0,0,0,0,0,0,0,0,0,0,0,0.700,0610.0,0000,0,0000,0
0,0,0,0,00,00,0,0,2,000,0,0,1,0,0,1,0,0,0,0,0,0,0,0,0,0,0,0,0,0,0,0,1,3.200,1320.0,4880,0,0000,0
0,0,0,1,00,00,0,0,2,000,0,0,1,0,0,0,0,0,0,0,0,0,0,0,0,0,0,0,1,0,0,0,0,3.200,0050.0,0000,0,0000,0
0,0,0,5,00,00,0,1,0,310,0,0,0,0,0,0,0,0,0,0,0,0,0,0,0,0,0,0,0,0,0,0,1,2.500,0610.0,0762,0,0000,0
0,0,0,0,00,00,0,0,2,000,0,0,0,0,0,0,0,1,1,0,0,0,1,0,0,0,0,0,0,0,0,0,1,0.700,0610.0,4170,0,0000,0
4,0,0,7,00,00,0,0,2,000,0,0,4,2,0,0,0,0,0,0,0,0,0,0,0,0,0,0,0,0,0,0,1,1.599,0610.0,0001,0,0000,0
0,0,0,1,00,00,0,1,0,500,0,0,4,0,0,0,0,0,0,0,0,0,0,0,0,0,0,0,0,0,0,0,1,1.000,1100.0,0762,0,0000,0
4,0,0,6,00,00,0,1,0,600,0,0,0,0,0,0,1,0,0,0,0,0,0,0,0,0,0,0,0,0,0,0,0,1.600,1090.0,0000,0,0000,0
0,0,0,2,65,00,0,1,0,000,0,0,4,0,0,0,1,2,0,0,0,0,0,0,0,0,0,0,0,0,0,0,0,1.500,0640.0,0000,0,0000,0
0,0,0,1,00,00,0,0,2,000,0,0,1,0,0,0,0,1,1,0,0,0,0,0,0,0,0,0,0,0,0,0,1,0.699,0610.0,0150,0,0000,0
0,2,0,0,00,00,0,0,5,000,1,0,1,0,0,0,0,0,0,0,0,0,0,0,0,0,0,0,0,0,0,0,1,1.200,1250.0,4880,2,0000,0
0,0,0,0,00,00,0,0,3,000,1,0,1,0,0,0,1,0,0,0,0,0,0,0,0,0,0,0,0,0,0,0,0,1.001,0610.0,0000,0,0000,0
0,0,0,4,00,00,0,0,1,000,0,0,0,0,0,0,0,0,0,0,0,0,1,0,0,0,0,0,0,0,0,0,1,0.300,1220.0,4170,0,0000,0
0,0,0,0,00,70,1,1,0,000,0,0,0,0,0,0,0,0,0,0,0,0,0,0,0,0,0,0,0,0,0,0,0,0.801,0610.0,0000,0,0600,0
1,0,0,0,00,85,1,1,0,000,0,0,0,0,0,0,0,0,0,0,0,0,0,0,0,0,0,0,0,0,0,0,0,1.001,0609.9,0000,0,0000,0
0,0,0,0,00,45,0,0,0,000,0,0,2,0,0,0,0,0,0,0,0,0,0,0,0,0,0,0,0,0,0,0,0,0.699,0610.0,0000,0,0000,0
0,2,0,0,00,50,1,1,0,000,0,0,1,0,0,1,0,0,0,0,0,0,0,0,0,0,0,0,0,0,0,0,1,0.400,1220.0,0762,0,0000,0
1,0,0,0,00,85,1,1,0,000,0,0,0,0,0,0,0,0,0,0,0,0,0,0,0,0,0,0,0,0,0,0,0,1.001,0050.0,0000,0,0000,0
0,0,0,1,00,00,0,0,2,000,0,0,1,0,0,0,0,1,1,0,0,0,0,0,0,0,0,0,0,0,0,0,1,0.400,1320.0,0761,0,0000,0
0,0,0,0,00,00,0,0,2,000,0,0,0,0,0,0,1,0,0,0,0,0,0,0,0,0,0,0,0,0,0,0,1,0.700,0610.0,4880,0,0000,0
0,0,0,5,00,00,0,1,0,310,0,0,0,0,0,1,0,0,0,0,0,0,0,0,0,0,0,0,0,0,0,0,1,1.600,0610.0,0762,0,0000,0
0,0,0,1,00,00,0,0,2,000,0,0,1,0,0,1,0,0,1,0,0,0,0,0,0,0,0,0,0,0,0,0,1,0.699,1320.0,4880,1,0000,0
0,0,0,0,00,00,0,0,2,000,0,0,3,0,0,1,0,0,1,0,0,0,0,0,0,0,0,0,0,0,0,0,1,0.699,0520.0,4880,0,0000,0
1,0,0,0,00,85,1,1,0,000,0,0,0,0,0,0,0,0,0,0,0,0,0,0,0,0,0,0,0,0,0,0,0,3.200,0609.9,0000,0,0000,0
0,0,0,4,00,70,1,1,0,000,0,0,0,0,0,0,0,0,0,0,0,0,0,0,0,0,0,0,1,0,0,0,0,0.799,0609.9,0000,0,0000,0
0,0,0,0,00,00,0,0,2,000,0,0,0,0,0,0,0,1,1,0,0,0,0,0,0,0,0,0,0,0,0,0,1,0.700,0610.0,0762,0,0000,0
0,0,0,1,00,00,0,0,2,000,0,0,1,0,0,0,0,1,1,0,0,0,1,0,0,0,0,0,0,0,0,0,1,0.700,1300.0,0762,0,0000,0
0,0,0,0,00,00,0,0,2,000,0,0,1,0,0,1,0,0,0,0,0,0,0,0,0,0,0,0,0,0,0,0,1,0.699,0610.0,4880,1,0000,0
0,0,0,0,00,00,0,0,2,000,0,0,3,0,0,1,0,0,1,0,0,0,0,0,0,0,0,0,0,0,0,0,1,0.600,0609.9,4880,0,0000,0
0,0,0,0,00,00,0,1,0,500,0,0,0,0,0,0,0,0,0,0,0,0,0,0,0,0,0,0,0,0,0,0,0,0.900,1320.0,0000,0,0000,0
0,0,0,0,04,00,1,1,0,000,0,0,0,0,0,0,0,0,0,0,0,0,0,0,0,0,0,0,0,0,0,0,0,0.500,1130.0,0000,0,0000,0
0,0,0,1,00,00,0,2,3,000,0,0,0,0,0,0,0,0,0,0,0,0,0,0,0,0,0,0,0,0,0,0,0,0.600,1320.0,0000,0,0000,0
0,0,0,1,00,00,0,0,2,000,0,0,1,0,0,0,0,0,0,0,0,0,0,0,0,0,0,0,1,0,0,0,1,1.000,0610.0,4880,0,0000,0
0,0,0,0,00,45,0,0,0,000,0,0,2,0,0,0,0,1,0,0,0,0,0,0,0,0,0,0,0,0,0,0,0,1.600,0610.0,0000,0,0000,0
0,0,0,0,00,45,0,0,0,000,0,0,2,0,0,0,0,1,0,0,0,0,0,0,0,0,0,0,0,0,0,0,0,0.699,1320.0,0000,0,0000,0
0,0,0,0,00,45,0,0,0,000,0,0,2,0,0,0,0,0,0,0,0,0,0,0,0,0,0,0,0,0,0,0,1,0.599,0609.9,4880,0,0000,0
0,0,0,0,00,60,1,1,0,000,0,0,0,0,0,0,0,0,0,0,0,0,1,0,0,0,0,0,0,0,0,0,0,0.800,0710.1,0000,0,0000,0
0,0,0,0,00,00,0,0,2,000,0,0,3,0,0,1,0,0,0,0,0,0,0,0,0,0,0,0,0,0,0,0,1,0.600,0610.0,0761,0,0000,0
4,0,0,1,00,00,0,0,3,000,0,0,4,0,0,0,0,1,1,0,0,0,0,0,0,0,0,0,0,0,0,0,1,0.800,1320.0,4880,0,0000,0
0,0,0,0,00,45,0,0,0,000,0,0,2,0,0,0,0,0,0,0,0,0,0,0,0,0,0,0,0,0,0,0,0,1.200,0609.9,0000,0,0000,0
1,2,0,0,00,85,1,1,0,000,0,0,1,0,0,0,1,0,0,0,0,0,0,0,0,0,0,0,0,0,0,0,1,0.400,1220.0,0000,0,0000,0
0,0,0,0,00,00,0,0,2,000,0,0,3,0,0,1,0,0,0,0,0,0,0,0,0,0,0,0,0,0,0,0,1,0.999,0610.0,0762,0,0000,0
0,0,0,4,00,00,0,0,1,000,0,0,0,0,0,0,0,0,0,0,0,0,0,0,0,0,0,0,0,0,0,0,1,0.300,0374.9,0762,0,0000,0
0,0,0,1,00,00,0,0,2,000,0,0,1,0,0,0,0,1,1,0,0,0,1,0,0,0,0,0,0,0,0,0,1,1.599,0610.0,0762,0,0000,0
4,0,0,1,00,00,0,0,2,000,0,0,4,0,0,0,1,0,0,0,0,0,0,0,0,0,0,0,0,0,0,0,1,0.800,1300.0,4880,0,0000,0
0,0,0,0,00,00,0,1,0,500,0,0,0,0,0,0,0,0,0,0,0,0,0,0,0,0,0,0,0,0,0,0,0,1.600,1320.0,0000,0,0000,0
1,0,0,0,10,00,0,1,0,000,0,0,1,0,0,0,0,0,0,0,0,0,0,0,0,0,0,0,0,0,0,0,0,1.201,1320.0,0000,0,0000,0
0,0,0,1,00,00,0,0,2,000,0,0,1,0,0,0,0,0,1,0,0,0,0,0,0,0,0,0,0,0,0,0,1,0.699,1320.0,0762,1,0000,0
0,0,0,1,00,00,0,0,2,000,0,0,1,0,0,0,0,2,0,0,0,0,0,0,0,0,0,0,0,0,0,0,0,3.201,0385.1,0000,0,0000,0
0,0,0,4,00,45,0,0,0,000,0,0,1,0,0,0,0,0,0,0,0,0,1,0,0,0,0,0,0,0,0,0,1,0.700,1320.0,0762,0,0000,0
0,0,0,0,00,00,0,0,2,000,0,0,3,0,0,1,0,1,1,0,0,0,0,0,0,0,0,0,0,0,0,0,1,0.600,1320.0,0301,0,0000,0
3,1,0,0,00,00,0,1,3,000,1,0,4,0,0,0,0,0,0,0,1,0,0,0,0,0,0,0,0,0,0,0,1,0.600,0610.0,0612,0,0000,0
0,0,0,0,00,00,0,0,2,000,0,0,1,0,0,0,0,1,0,0,0,0,0,0,0,0,0,0,0,0,0,0,0,3.200,0609.9,0000,0,0000,0
0,0,0,0,00,00,0,0,2,000,0,0,1,0,0,0,0,0,0,0,0,0,0,0,0,0,0,0,1,0,0,0,0,3.300,0152.0,0000,0,0000,0
0,0,0,0,00,70,1,1,0,000,0,0,0,0,0,0,1,0,0,0,0,0,0,0,0,0,0,0,0,0,0,0,0,0.800,0610.0,0000,0,0000,0
0,0,0,1,00,00,0,0,2,000,0,0,1,0,0,0,0,1,0,0,0,0,0,0,0,0,0,0,0,0,0,0,0,0.699,0610.0,0000,0,0000,0
4,0,0,1,00,00,0,0,2,000,0,0,4,0,0,0,0,0,1,0,0,0,0,0,0,0,0,0,0,0,0,0,1,0.800,0610.0,0762,0,0000,0
0,0,0,0,00,70,1,1,0,000,0,0,0,0,0,0,0,0,0,0,0,0,0,0,0,0,0,0,0,0,0,0,0,0.801,1320.0,0000,0,0600,0
0,0,0,0,00,00,0,0,3,000,1,0,3,0,0,0,0,0,0,0,0,0,0,0,0,0,0,0,0,0,0,0,1,1.000,1320.0,0762,0,0000,0
0,0,0,2,45,00,0,1,0,000,0,0,4,0,0,0,0,0,0,0,0,0,0,0,0,0,0,0,0,0,0,0,0,0.600,0900.0,0000,0,0000,0
0,0,0,0,00,00,0,0,2,000,0,0,3,0,0,1,0,0,0,0,0,0,0,0,0,0,0,0,0,0,0,0,1,0.600,0610.0,0762,0,0000,0
1,0,0,0,00,85,1,1,0,000,0,0,0,0,0,0,0,2,0,0,0,0,0,0,0,0,0,0,0,0,0,0,0,4.000,1000.0,0000,0,0600,0
0,0,0,1,00,00,0,0,2,000,0,0,1,0,0,0,0,0,0,0,0,0,0,0,0,0,0,0,0,0,0,0,1,0.699,0610.0,0761,0,0000,0
0,0,0,1,06,00,1,1,0,000,0,0,4,0,0,1,0,0,0,0,0,0,0,0,0,0,0,0,0,0,0,0,0,1.200,1220.0,0000,0,0000,0
0,0,0,1,00,00,0,0,2,000,0,0,1,0,0,1,0,1,1,0,0,0,0,0,0,0,0,0,0,0,0,0,1,1.599,1300.0,0762,0,0000,0
0,0,0,3,70,00,0,1,0,000,0,0,4,0,0,0,0,0,0,0,0,0,0,0,0,0,0,0,0,0,0,0,1,1.600,1320.0,0762,0,0000,0
0,0,0,1,00,00,0,0,2,000,0,0,1,0,0,0,0,2,0,0,0,0,0,0,0,0,0,0,0,0,0,0,0,3.500,1000.0,0000,0,0600,0
0,0,0,0,08,00,0,0,0,000,0,0,0,0,0,0,0,0,0,0,0,0,0,0,0,0,0,0,0,0,0,0,0,0.699,0020.0,0000,0,0000,0
4,0,0,6,00,00,0,1,0,600,0,0,0,0,0,0,0,0,0,0,0,0,0,0,0,0,0,0,0,0,0,0,0,1.300,1090.0,0000,0,0000,0
0,0,0,1,00,00,0,0,2,000,0,0,1,0,0,0,0,0,0,0,0,0,0,0,0,0,0,0,0,0,0,0,0,1.200,1220.0,0000,0,0000,0
0,0,0,0,00,00,0,0,2,000,0,0,0,0,0,0,0,0,0,0,0,0,0,0,0,0,0,0,0,0,0,0,1,1.200,0335.0,4170,0,0000,0
0,0,0,0,00,00,0,0,2,000,0,0,1,0,0,0,0,1,0,0,0,0,0,0,0,0,0,0,0,0,0,0,0,0.699,1320.0,0000,0,0000,0
0,0,0,0,00,00,0,0,2,000,0,0,1,0,0,1,0,0,1,0,0,0,0,0,0,0,0,0,0,0,0,0,1,0.699,0610.0,4880,1,0000,0
3,1,0,0,00,00,0,1,3,000,1,0,4,0,0,0,0,0,0,0,0,0,0,0,0,1,0,0,0,0,0,0,1,0.600,0610.0,0300,0,0000,0
4,0,0,1,00,00,0,0,2,000,0,0,4,0,0,0,0,0,0,0,0,0,0,0,0,0,0,0,0,0,0,0,1,1.200,0609.9,0612,0,0000,0
0,0,0,0,00,45,0,0,0,000,0,0,2,0,0,0,0,0,0,0,0,0,0,0,0,0,0,0,0,0,0,0,0,0.700,1320.0,0000,0,0000,0
3,1,0,0,00,00,0,1,3,000,1,0,4,0,0,0,0,0,0,0,1,0,0,0,0,0,0,0,0,0,0,0,1,0.600,0610.0,0761,0,0000,0
4,0,0,1,00,00,0,0,3,000,0,0,4,0,0,0,0,0,0,0,0,0,0,0,0,0,0,0,0,0,0,0,1,1.600,0610.0,4170,0,0000,0
0,0,0,0,00,00,0,0,3,000,1,0,1,0,0,0,0,1,1,0,0,0,1,0,0,0,0,0,0,0,0,0,1,0.700,0609.9,4170,0,0000,0
0,0,0,0,00,00,0,0,3,000,1,0,1,0,0,0,0,0,0,0,0,0,0,0,0,0,0,0,0,0,0,0,1,1.000,0610.0,4880,0,0000,0
0,0,0,0,00,00,0,0,2,000,0,0,3,0,0,1,0,0,0,0,0,0,0,0,0,0,0,0,0,0,0,0,1,0.600,0610.0,0301,0,0000,0
0,0,0,0,00,45,0,0,0,000,0,0,2,0,0,0,0,0,0,0,0,0,0,0,0,0,0,0,0,0,0,0,0,1.600,0610.0,0000,0,0000,0
0,0,0,0,00,45,0,0,0,000,0,0,2,0,0,0,0,0,0,0,0,0,0,0,0,0,0,0,0,0,0,0,1,0.599,0610.0,0761,0,0000,0
0,0,0,0,00,45,0,0,0,000,0,0,2,0,0,0,0,0,1,0,0,0,0,0,0,0,0,0,0,0,0,0,1,0.700,0610.0,0762,0,0000,0
4,0,0,1,00,00,0,0,3,000,0,0,4,0,0,0,0,1,0,0,0,0,0,0,0,0,0,0,0,0,0,0,1,0.800,1320.0,4880,0,0000,0
3,1,0,0,00,00,0,1,3,000,1,0,4,0,0,0,0,0,0,0,1,0,0,0,0,0,0,0,0,0,0,0,1,1.600,1220.0,0761,0,0000,0
0,0,0,0,00,60,1,1,0,000,0,0,0,0,0,0,0,0,0,0,0,0,0,0,0,0,0,0,0,0,0,0,0,0.801,1320.0,0000,0,0600,0
0,0,0,0,00,50,1,1,0,000,0,0,0,0,0,0,1,0,0,0,0,0,0,0,0,0,0,0,0,0,0,0,0,0.601,0610.0,0000,0,0000,0
1,0,0,0,00,85,1,1,0,000,0,0,0,0,0,0,0,2,0,0,0,0,0,0,0,0,0,0,1,0,0,0,0,3.201,1000.0,0000,0,0600,0
0,2,0,0,00,00,0,0,5,000,1,0,1,0,0,0,0,0,0,0,0,0,0,0,0,0,0,0,0,0,0,0,0,1.201,0050.0,0000,0,0000,0
0,0,0,1,00,00,0,0,2,000,0,0,1,0,0,0,0,0,1,0,0,0,0,0,0,0,0,0,0,0,0,0,1,0.699,0610.0,4880,1,0000,0
0,2,0,0,00,00,0,0,5,000,1,0,1,0,0,0,0,0,0,0,0,0,0,0,0,0,0,0,0,0,0,0,0,0.700,0020.0,0000,0,0000,0
4,0,0,6,00,00,0,1,0,600,0,0,0,0,0,0,1,0,0,0,0,0,0,0,0,0,0,0,0,0,0,0,1,0.900,0610.0,1220,0,0000,0
3,1,0,4,00,00,0,2,1,000,0,0,4,0,0,0,0,0,0,0,1,0,0,0,0,0,0,0,0,0,0,0,0,0.500,0610.0,0000,0,0000,0
2,0,0,3,00,00,0,1,0,400,0,0,4,0,0,0,0,0,0,0,0,0,0,0,0,0,0,1,0,0,0,0,0,0.800,0075.0,0000,0,0000,0
0,0,0,1,00,00,0,0,2,000,0,0,1,0,0,0,0,0,0,0,0,0,0,0,0,0,0,0,0,0,0,0,0,0.900,0966.0,0000,0,0000,0
0,0,0,0,00,00,0,0,2,000,0,0,1,0,0,0,0,0,0,0,0,0,0,0,0,0,0,0,0,0,0,0,1,0.700,1320.1,4880,0,0000,0
3,1,0,0,00,00,0,1,3,000,1,0,4,0,0,0,0,0,0,0,0,0,0,0,0,1,0,0,0,0,0,0,0,1.600,0050.0,0000,0,0000,0
0,0,0,3,70,00,0,1,0,000,0,0,4,0,0,0,0,2,0,0,0,0,0,0,0,0,0,0,0,0,0,0,1,2.000,1000.0,4880,0,0000,0
0,0,0,0,00,00,0,0,2,000,0,0,1,0,0,0,0,0,0,0,0,0,0,0,0,0,0,0,0,0,0,0,1,0.300,0610.0,4880,1,0000,0
0,0,0,0,00,00,0,0,2,000,0,0,0,0,0,0,0,1,1,0,0,0,0,0,0,0,0,0,0,0,0,0,1,0.700,0610.0,4880,0,0000,0
0,0,0,1,00,00,0,0,2,000,0,0,1,0,0,1,0,0,0,0,0,0,0,0,0,0,0,0,0,0,0,0,1,1.601,1320.0,4880,0,0000,0
0,0,0,5,00,00,0,1,0,310,0,0,0,0,0,0,0,0,0,0,0,0,0,0,0,0,0,0,0,0,0,0,0,2.501,0600.1,0000,0,0000,0
0,0,0,1,00,00,0,2,3,000,0,0,0,0,0,0,0,0,0,0,0,0,1,0,0,0,0,0,0,0,0,0,0,0.400,0058.0,0000,0,0000,0
1,0,0,0,00,85,1,1,0,000,0,0,0,0,0,0,0,0,0,0,0,0,0,0,0,0,0,0,0,0,0,0,0,1.200,0609.9,0000,0,0000,0
0,0,0,4,00,00,0,2,2,000,0,0,0,0,0,0,0,0,0,0,0,0,0,0,0,0,0,0,0,0,0,0,0,0.700,1320.0,0000,0,0000,0
3,1,0,0,00,00,0,0,3,000,1,0,4,0,0,0,0,0,0,0,0,0,0,0,0,0,0,0,0,0,0,0,0,1.200,0609.9,0000,0,0000,0
0,0,0,1,00,00,0,0,2,000,0,0,1,0,0,1,0,0,0,0,0,0,0,0,0,0,0,0,0,0,0,0,1,3.200,0610.0,4880,0,0000,0
0,2,0,0,00,00,0,0,5,000,1,0,1,0,0,0,0,0,0,0,0,0,0,0,0,0,0,0,0,0,0,0,0,1.200,0610.0,0000,0,0000,0
0,0,0,1,00,00,0,0,2,000,0,0,1,0,0,1,0,1,0,0,0,0,0,0,0,0,0,0,0,0,0,0,1,1.599,0610.0,0762,0,0000,0
0,0,0,0,00,45,0,0,0,000,0,0,2,0,0,0,0,1,0,0,0,0,0,0,0,0,0,0,0,0,0,0,1,0.699,1320.0,0762,0,0000,0
0,0,0,1,00,00,0,0,2,000,0,0,1,0,0,0,0,0,0,0,0,0,0,0,0,0,0,0,0,0,0,0,0,0.699,1320.0,0000,0,0000,0
0,0,0,1,00,00,0,0,2,000,0,0,1,0,0,0,0,0,0,0,0,0,0,0,0,0,0,0,0,0,0,0,1,3.200,1320.0,4880,0,0000,0
4,0,0,1,00,00,0,0,3,000,0,0,4,0,0,0,0,1,1,0,0,0,0,0,0,0,0,0,0,0,0,0,1,1.599,1320.0,4880,0,0000,0
0,0,0,0,00,00,0,0,2,000,0,0,0,0,0,0,0,0,0,0,0,0,0,0,0,0,0,0,0,0,0,0,1,0.400,1320.0,0762,2,0000,0
0,0,0,2,65,00,0,1,0,000,0,0,4,0,0,0,0,0,0,0,0,0,0,0,0,0,0,0,0,0,0,0,0,3.000,0065.1,0000,0,0000,0
0,0,0,2,55,00,0,1,0,000,0,0,4,0,0,0,0,2,0,0,0,0,0,0,0,0,0,0,0,0,0,0,0,2.200,0900.0,0000,0,0000,0
0,0,0,1,00,00,0,0,2,000,0,0,1,0,0,0,0,1,1,0,0,0,0,0,0,0,0,0,0,0,0,0,1,3.200,0610.0,1000,0,0000,0
0,0,0,0,00,45,0,0,0,000,0,0,2,0,0,1,0,0,0,0,0,0,0,0,0,0,0,0,0,0,0,0,1,0.699,1320.0,4880,2,0000,0
0,0,0,0,00,00,0,0,2,000,0,0,0,0,0,0,0,0,0,0,0,0,1,0,0,0,0,0,0,0,0,0,0,0.400,0609.9,0000,0,0000,0
4,0,0,4,00,00,0,1,0,500,0,1,4,0,0,0,0,0,0,0,0,0,0,0,0,0,0,0,0,0,0,0,1,2.000,0300.1,0301,0,0000,0
1,0,0,0,00,80,1,1,0,000,0,0,0,0,0,0,0,0,0,0,0,0,0,0,0,0,0,0,0,0,0,0,1,0.800,0610.0,4170,1,0000,0
0,0,0,4,00,00,0,0,1,000,0,0,0,0,0,0,0,0,0,0,0,0,0,0,0,0,0,0,0,0,0,0,0,0.300,0020.0,0000,0,0000,0
3,1,0,0,00,00,0,1,3,000,1,0,4,0,0,0,0,0,0,0,0,1,0,0,0,0,0,0,0,0,0,0,1,0.500,1220.0,4880,0,0000,0
0,0,0,0,00,00,0,0,2,000,0,0,1,0,0,0,0,0,0,0,0,0,0,0,0,0,0,0,0,0,0,0,0,0.300,1320.0,0000,0,0000,0
0,0,0,0,00,00,0,0,3,000,1,0,1,0,0,0,0,0,0,0,0,0,0,0,0,0,0,0,0,0,0,0,0,0.601,0610.0,0000,0,0000,0
0,0,0,1,00,00,0,0,2,000,0,0,1,0,0,1,0,1,0,0,0,0,0,0,0,0,0,0,0,0,0,0,1,0.700,1300.0,4880,0,0000,0
4,0,0,1,00,00,0,0,3,000,0,0,4,0,0,0,0,0,0,0,0,0,0,0,0,0,0,0,0,0,0,0,1,1.599,0150.0,0762,0,0000,0
3,1,0,0,00,00,0,1,3,000,1,0,4,0,0,0,0,0,0,0,1,0,0,0,0,0,0,0,0,0,0,0,0,0.800,0050.0,0000,0,0000,0
2,2,0,1,00,00,0,1,0,300,0,0,4,0,0,0,0,0,0,0,0,0,0,0,1,0,0,0,0,0,0,0,0,0.800,0915.1,0000,0,0000,0
0,0,0,1,00,00,0,0,2,000,0,0,1,0,0,0,0,0,1,0,0,0,0,0,0,0,0,0,0,0,0,0,1,0.700,0610.0,0762,0,0000,0
0,0,0,0,00,00,0,0,2,000,0,0,1,0,0,1,0,0,0,0,0,0,0,0,0,0,0,0,0,0,0,0,0,0.800,0609.9,0000,0,0000,0
1,0,0,0,00,85,1,1,0,000,0,0,0,0,0,0,0,0,0,0,0,0,0,0,0,0,0,0,0,0,0,0,0,4.000,0450.0,0000,0,0000,0
0,0,0,1,00,00,0,0,2,000,0,0,1,0,0,1,0,0,0,0,0,0,0,0,0,0,0,0,0,0,0,0,0,0.800,0609.9,0000,0,0000,0
0,0,0,0,00,60,1,1,0,000,0,0,0,0,0,0,1,0,0,0,0,0,0,0,0,0,0,0,0,0,0,0,0,1.001,1320.0,0000,0,0500,0
2,0,0,3,00,00,0,1,0,400,0,0,4,0,0,0,0,0,0,0,0,0,0,0,0,0,0,0,0,0,0,0,0,0.800,0075.0,0000,0,0000,0
4,0,0,1,00,00,0,0,2,000,0,0,4,0,0,0,0,1,1,0,0,0,0,0,0,0,0,0,0,0,0,0,1,2.000,0610.0,0612,0,0000,0
0,0,0,1,06,00,1,1,0,000,0,0,4,0,0,0,0,0,0,0,0,0,0,0,0,0,0,0,0,0,0,0,1,1.000,0610.0,4880,0,0000,0
0,0,0,0,00,00,0,0,2,000,0,0,1,0,0,0,0,0,0,0,0,0,0,0,0,0,0,0,0,0,0,0,1,3.201,1320.0,4880,0,0000,0
0,0,0,1,00,00,0,0,2,000,0,0,1,0,0,0,1,2,0,0,0,0,0,0,0,0,0,0,0,0,0,0,0,3.500,0610.0,0000,0,0600,0
0,0,0,0,00,00,0,0,2,000,0,0,1,0,0,0,0,0,0,0,0,0,1,0,0,0,0,0,0,0,0,0,0,0.700,0610.0,0000,0,0000,3
0,0,0,0,00,00,0,0,2,000,0,0,0,0,0,0,0,0,0,0,0,0,0,0,0,0,0,0,0,0,0,0,0,3.201,0000.0,0000,0,0000,0
0,0,0,0,00,45,0,0,0,000,0,0,2,0,0,0,0,0,0,0,0,0,0,0,0,0,0,0,0,0,0,0,1,0.300,0519.9,0762,0,0000,0
0,0,0,0,00,60,1,1,0,000,1,0,0,0,0,0,0,0,0,0,0,0,0,0,0,0,0,0,0,0,0,0,0,1.900,1135.0,0000,0,0600,0
0,0,0,1,00,00,0,0,2,000,0,0,1,0,0,0,0,0,0,0,0,0,0,0,0,0,0,0,0,0,0,0,0,1.200,0610.0,0000,0,0000,0
0,0,0,4,00,00,0,0,1,000,0,0,0,0,0,0,0,0,0,0,0,0,1,0,0,0,0,0,0,0,0,0,1,0.400,0610.0,0762,0,0000,0
3,1,0,0,00,00,0,1,3,000,1,0,4,0,0,0,0,0,0,0,0,1,0,0,0,0,0,0,0,0,0,0,1,0.500,0610.0,0762,0,0000,0
0,0,0,0,00,00,0,0,3,000,1,0,3,0,0,0,0,1,1,0,0,0,1,0,0,0,0,0,0,0,0,0,1,1.200,0610.0,0762,0,0000,0
3,1,0,0,00,00,0,1,3,000,1,0,4,0,0,0,0,1,0,0,0,0,0,0,0,1,0,0,0,0,0,0,1,1.600,0610.0,4880,0,0000,0
0,0,0,0,00,45,0,0,0,000,0,0,2,0,0,0,0,0,0,0,0,0,0,0,0,0,0,0,0,0,0,0,1,0.699,1320.0,4880,2,0000,0
0,2,0,0,00,50,1,1,0,000,0,0,1,0,0,1,0,1,0,0,0,0,0,0,0,0,0,0,0,0,0,0,1,0.451,0610.0,0762,0,0000,0
0,0,0,2,55,00,0,1,0,000,0,0,4,0,0,0,0,0,0,0,0,0,0,0,0,0,0,0,1,0,0,0,0,1.000,0900.0,0000,0,0000,0
0,0,0,0,00,00,0,0,2,000,0,0,3,0,0,0,0,0,0,0,0,0,0,0,0,0,0,0,0,0,0,0,1,0.700,1220.0,4880,0,0000,0
0,0,0,0,00,70,1,1,0,000,0,0,0,0,0,0,0,0,0,0,0,0,0,0,0,0,0,0,0,0,0,0,0,0.501,1200.1,0000,0,0000,0
0,0,0,0,00,00,0,0,2,000,0,0,1,0,0,0,1,0,0,0,0,0,0,0,0,0,0,0,0,0,0,0,0,0.699,1320.0,0000,0,0000,0
0,0,0,0,00,45,0,0,0,000,0,0,2,0,0,0,0,0,0,0,0,0,0,0,0,0,0,0,0,0,0,0,1,1.600,0610.0,0762,0,0000,0
0,0,0,0,00,00,0,0,2,000,0,0,1,0,0,1,0,0,1,0,0,0,0,0,0,0,0,0,0,0,0,0,1,0.699,1320.0,0762,1,0000,0
0,0,0,5,00,00,0,1,0,310,0,0,0,0,0,0,0,0,0,0,0,0,0,0,0,0,0,0,0,0,0,0,0,1.600,0610.0,0000,0,0500,0
0,0,0,5,00,00,0,1,0,310,0,0,0,0,0,1,0,0,0,0,0,0,0,0,0,0,0,0,0,0,0,0,1,2.500,1274.9,0762,0,0000,0
4,0,0,1,00,00,0,0,3,000,0,0,4,0,0,0,0,0,0,0,0,0,0,0,0,0,0,0,0,0,0,0,0,0.800,0609.9,0000,0,0000,0
0,0,0,0,00,50,1,1,0,000,0,0,0,0,0,0,1,0,0,0,0,0,0,0,0,0,0,0,1,0,0,0,0,0.601,0610.0,0000,0,0000,0
1,0,0,0,00,85,1,1,0,000,0,0,0,0,0,0,0,0,0,0,0,0,0,0,0,0,0,0,0,0,0,0,1,1.200,1220.0,4880,0,0000,0
0,0,0,2,65,00,0,1,0,000,0,0,4,0,0,0,0,0,0,0,0,0,0,0,0,0,0,0,1,0,0,0,0,0.600,0900.0,0000,0,0000,0
0,0,0,5,00,00,0,1,0,310,0,0,0,0,0,0,0,0,0,0,0,0,0,0,0,0,0,0,0,0,0,0,0,2.500,1274.9,0000,0,0600,0
0,0,0,0,00,00,0,0,2,000,0,0,3,0,0,1,0,1,1,0,0,0,0,0,0,0,0,0,0,0,0,0,1,0.600,0610.0,4880,0,0000,0
3,1,0,0,00,00,0,1,3,000,1,0,4,0,0,0,0,0,0,0,0,0,0,0,0,1,0,0,0,0,0,0,0,1.600,1220.0,0000,0,0000,0
0,0,0,2,65,00,0,1,0,000,0,0,4,0,0,0,0,2,0,0,0,0,0,0,0,0,0,0,0,0,0,0,0,2.300,0640.0,0000,0,0500,0
0,0,0,0,00,60,1,1,0,000,0,0,0,0,0,0,0,0,0,0,0,0,0,0,0,0,0,0,0,0,0,0,0,0.799,0609.0,0000,0,0000,0
0,0,0,2,55,00,0,1,0,000,0,0,4,0,0,0,0,2,0,0,0,0,0,0,0,0,0,0,1,0,0,0,0,2.300,0900.0,0000,0,0500,0
0,0,0,1,00,00,0,0,2,000,0,0,1,0,0,0,0,2,0,0,0,0,0,0,0,0,0,0,0,0,0,0,0,4.000,0610.0,0000,0,0600,0
0,0,0,1,00,00,0,0,2,000,0,0,1,0,0,0,0,1,1,0,0,0,0,0,0,0,0,0,0,0,0,0,1,0.699,0595.0,0762,0,0000,0
4,0,0,6,00,00,0,1,0,600,0,0,0,0,0,0,1,0,0,0,0,0,0,0,0,0,0,0,0,0,0,0,1,0.900,0610.0,3000,0,0000,0
0,0,0,0,00,00,0,0,2,000,0,0,1,0,0,1,0,0,1,0,0,0,0,0,0,0,0,0,0,0,0,0,1,0.300,1320.0,4880,1,0000,0
0,2,0,0,00,00,0,0,3,000,1,0,1,0,0,0,0,0,0,0,0,0,0,0,0,0,0,0,0,0,0,0,0,1.600,0050.0,0000,0,0000,0
0,2,0,0,00,00,0,0,5,000,1,0,1,0,0,0,0,0,0,0,0,0,0,0,0,0,0,0,0,0,0,0,0,0.800,0609.9,0000,0,0000,0
4,0,0,1,00,00,0,0,2,000,0,0,4,0,0,0,0,0,0,0,0,0,0,0,0,0,0,0,0,0,0,0,0,0.800,1320.0,0000,0,0000,0
0,0,0,0,00,00,0,0,2,000,0,0,0,0,0,0,0,0,0,0,0,0,0,0,0,0,0,0,1,0,0,0,0,3.200,0610.0,0000,0,0000,0
0,0,0,0,00,00,0,0,2,000,0,0,1,0,0,0,0,0,0,0,0,0,0,0,0,0,0,0,0,0,0,0,0,3.200,1320.0,0000,0,0000,0
0,0,0,1,00,00,0,0,2,000,0,0,1,0,0,0,0,0,0,0,0,0,0,0,0,0,0,0,0,0,0,0,0,0.900,0966.1,0000,0,0000,0
0,0,0,0,00,00,0,0,2,000,0,0,3,0,0,1,0,1,1,0,0,0,0,0,0,0,0,0,0,0,0,0,1,0.600,0609.9,4880,0,0000,0
0,0,0,4,00,00,0,0,1,000,0,0,0,0,0,0,0,0,0,0,0,0,0,0,0,0,0,0,0,0,0,0,0,0.400,0609.9,0000,0,0000,0
0,0,0,0,00,70,1,1,0,000,0,0,0,0,0,0,0,0,0,0,0,0,0,0,0,0,0,0,0,0,0,0,0,0.800,0050.0,0000,0,0000,0
0,0,0,0,00,45,0,0,0,000,0,0,2,0,0,0,0,0,0,0,0,0,0,0,0,0,0,0,0,0,0,0,1,0.699,1320.0,0760,2,0000,0
0,0,0,1,00,00,0,0,2,000,0,0,1,0,0,0,0,0,0,0,0,0,1,0,0,0,0,0,0,0,0,0,1,0.700,1320.0,0762,0,0000,0
0,0,0,4,00,00,0,0,1,000,0,0,0,0,0,0,0,1,1,0,0,0,0,0,0,0,0,0,0,0,0,0,1,0.301,0500.0,4120,1,0000,0
4,0,0,1,00,00,0,0,2,000,0,0,4,0,0,0,0,1,1,0,0,0,0,0,0,0,0,0,0,0,0,0,1,1.599,1300.0,0762,0,0000,0
0,0,0,0,00,00,0,0,2,000,0,0,1,0,0,0,0,0,0,0,0,0,1,0,0,0,0,0,0,0,0,0,0,0.600,0609.9,0000,0,0000,0
4,0,0,1,00,00,0,0,2,000,0,0,4,0,0,0,0,0,1,0,0,0,0,0,0,0,0,0,0,0,0,0,1,0.800,1500.0,4170,0,0000,0
0,0,0,1,00,00,0,0,2,000,0,0,1,0,0,0,0,1,0,0,0,0,0,0,0,0,0,0,0,0,0,0,1,0.700,0609.9,0762,0,0000,0
0,0,0,0,00,45,0,0,0,000,0,0,2,0,0,0,0,0,0,0,0,0,0,0,0,0,0,0,0,0,0,0,0,0.700,1320.0,0000,0,0000,0
0,0,0,1,00,00,0,0,2,000,0,0,1,0,0,0,0,0,0,0,0,0,0,0,0,0,0,0,0,0,0,0,1,0.699,0610.0,4880,1,0000,0
3,1,0,4,00,00,0,2,1,000,0,0,4,0,0,0,0,0,0,0,0,0,0,0,0,1,0,0,0,0,0,0,1,1.600,0610.0,0762,0,0000,0
0,0,0,4,00,00,0,2,2,000,0,0,0,0,0,0,0,0,0,0,0,0,0,0,0,0,0,0,0,0,0,0,1,0.301,0610.0,0762,1,0000,0
1,2,0,0,00,85,1,1,0,000,0,0,1,0,0,0,1,0,0,0,0,0,1,0,0,0,0,0,0,0,0,0,1,0.400,0600.0,0611,0,0000,0
1,0,0,0,00,85,1,1,0,000,0,0,0,0,0,0,0,0,0,0,0,0,0,0,0,0,0,0,0,0,0,0,0,0.400,0609.9,0000,0,0000,0
0,0,0,1,00,00,0,0,2,000,0,0,1,0,0,1,0,0,0,0,0,0,0,0,0,0,0,0,0,0,0,0,1,3.200,1320.0,4880,0,0000,0
0,0,0,1,00,00,0,0,3,000,0,0,1,0,0,0,0,0,0,0,0,0,0,0,0,0,0,0,0,0,0,0,1,0.699,0609.9,0762,0,0000,0
0,0,0,1,00,00,0,0,2,000,0,0,1,0,0,0,0,0,0,0,0,0,0,0,0,0,0,0,1,0,0,0,0,0.300,0610.0,0000,0,0000,0
0,0,0,0,00,00,0,0,2,000,0,0,1,0,0,1,0,0,0,0,0,0,0,0,0,0,0,0,0,0,0,0,1,0.300,0610.0,4880,1,0000,0
0,0,0,7,00,00,0,0,2,000,0,0,4,1,0,0,0,0,0,0,0,0,0,0,0,0,0,0,0,0,0,0,0,0.700,1320.0,0000,0,0000,0
1,0,0,0,00,85,1,1,0,000,0,0,0,0,0,0,0,2,0,0,0,0,0,0,0,0,0,0,1,0,0,0,0,4.000,1000.0,0000,0,0600,0
0,0,0,1,00,00,0,0,2,000,0,0,1,0,0,0,0,1,0,0,0,0,0,0,0,0,0,0,0,0,0,0,0,0.400,0609.9,0000,0,0000,0
0,0,0,0,00,00,0,1,0,500,0,0,0,0,0,0,0,0,0,0,0,0,0,0,0,0,0,0,0,0,0,0,0,1.600,0610.0,0000,0,0000,0
3,1,0,0,00,00,0,1,3,000,1,0,4,0,0,0,0,1,0,0,0,0,0,0,0,1,0,0,0,0,0,0,1,0.600,1220.0,0762,0,0000,0
0,0,0,2,55,00,0,1,0,000,0,0,4,0,0,0,0,0,0,0,0,0,0,0,0,0,0,0,0,0,0,0,0,1.000,0900.0,0000,0,0000,0
0,0,0,0,00,00,0,0,2,000,0,0,0,0,0,0,0,0,0,0,0,0,0,0,0,0,0,0,0,0,0,0,0,4.000,0500.0,0000,0,0000,0
0,0,0,0,00,45,0,0,0,000,0,0,2,0,0,0,0,0,0,0,0,0,0,0,0,0,0,0,0,0,0,0,1,1.600,1320.0,0759,0,0000,0
0,0,0,0,00,45,0,0,0,000,0,0,2,0,0,0,0,1,1,0,0,0,0,0,0,0,0,0,0,0,0,0,1,0.700,0610.0,4880,0,0000,0
1,2,0,0,00,85,1,1,0,000,0,0,1,0,0,0,1,0,0,0,0,0,1,0,0,0,0,0,0,0,0,0,1,1.200,0600.0,0150,0,0000,0
3,1,0,0,00,00,0,1,3,000,1,0,4,0,0,0,0,0,0,0,0,0,0,0,0,1,0,0,0,0,0,0,1,0.600,0335.0,3000,0,0000,0
0,0,0,0,00,00,0,1,0,500,0,0,0,0,0,0,0,0,0,0,0,0,0,0,0,0,0,0,0,0,0,0,0,1.600,1320.0,0000,0,0000,0
0,0,0,1,00,00,0,0,2,000,0,0,1,0,0,0,0,0,0,0,0,0,0,0,0,0,0,0,0,0,0,0,1,3.200,1320.0,0762,0,0000,0
0,2,0,1,00,00,0,2,2,000,0,0,0,0,0,0,0,0,0,0,0,0,0,0,0,0,0,0,0,0,0,0,0,0.699,0609.9,0000,0,0000,0
0,2,0,1,00,00,0,2,2,000,0,0,0,0,0,0,0,0,0,0,0,0,0,0,0,0,0,0,0,0,0,0,0,0.699,0020.0,0000,0,0000,0
1,0,0,0,00,85,1,1,0,000,0,0,0,0,0,0,0,0,0,0,0,0,0,0,0,0,0,0,0,0,0,0,1,3.200,0200.1,4880,0,0000,0
0,0,0,1,00,00,0,0,2,000,0,0,1,0,0,1,0,1,0,0,0,0,0,0,0,0,0,0,0,0,0,0,1,0.700,1300.0,0762,0,0000,0
0,0,0,1,00,00,0,0,2,000,0,0,1,0,0,0,0,0,0,0,0,0,0,0,0,0,0,0,1,0,0,0,1,3.200,0610.0,0762,0,0000,0
4,0,0,1,00,00,0,0,2,000,0,0,4,0,0,1,0,0,0,0,0,0,0,0,0,0,0,0,0,0,0,0,0,0.800,0610.0,0000,0,0000,0
