1,9,5291409,38.20,124,88,1,3,2,1,2,3,4,0,0,0,0,0,47.00,8.00,1,0,1,1
0,1,530107,37.50,40,32,3,1,3,1,3,2,3,2,1,0,0,5,32.00,6.40,1,1.10,1,1
1,1,534497,39.7,100,30,0,0,6,2,4,4,3,1,0,0,4,5,65,75,0,0,3,1
1,1,528890,38.90,80,44,3,3,3,2,2,3,3,2,2,7.00,3,1,54.00,6.50,3,0,2,1
1,1,5262542,0,48,96,1,1,3,1,0,4,1,2,1,0,1,4,42.00,8.00,1,0,1,1
1,1,527544,0,70,16,3,4,5,2,2,3,2,2,1,0,4,5,60.00,7.50,0,0,2,1
0,1,530028,39.50,92,28,3,3,6,1,5,4,1,0,3,0,4,0,72.00,6.40,0,3.60,2,2
1,1,535337,36.6,48,16,3,1,3,1,4,1,1,1,1,0,0,0,27,56,0,0,3,1
1,1,535330,37.4,84,20,0,0,3,1,2,3,3,0,0,0,0,0,31,61,0,1,3,2
1,1,535407,35.4,140,24,3,3,4,2,4,4,0,2,1,0,0,5,57,69,3,2,3,1
0,1,526639,37.50,48,24,0,0,0,0,0,0,0,0,0,0,0,0,0,0,0,0,1,2
1,9,5290409,39.10,164,84,4,1,6,2,2,4,4,1,2,5.00,3,0,48.00,7.20,3,5.30,2,1
1,1,534899,0,60,20,4,3,4,2,5,4,0,0,1,0,4,5,0,0,0,0,3,1
0,1,528996,38.60,52,0,1,1,1,1,3,3,2,1,1,0,1,3,32.00,6.60,1,5.00,1,2
1,1,534004,0,78,24,3,3,3,1,0,3,0,2,1,0,0,4,43,62,0,2,3,2
1,1,534817,39.2,88,20,0,0,4,1,3,4,2,0,0,0,4,2,50,85,2,2,3,2
1,1,529373,0,60,48,3,3,4,2,4,3,4,0,0,0,0,0,58.00,7.60,0,0,2,1
0,1,534938,38.3,40,16,3,0,1,1,2,0,0,0,0,0,0,0,37,57,0,0,1,2
0,1,529930,38.20,42,0,3,1,1,1,1,1,2,2,1,0,3,2,35.00,5.90,2,0,1,2
1,1,530033,37.50,88,20,2,3,3,1,4,3,3,0,0,0,0,0,35.00,6.40,1,0,2,1
0,1,528019,37.80,40,16,1,1,1,1,1,1,1,0,0,0,1,1,37.00,6.80,0,0,1,2
1,1,528641,38.50,86,0,1,1,3,1,4,4,3,2,1,0,3,5,45.00,7.40,1,3.40,2,1
0,1,534857,37.8,56,16,1,1,2,1,2,1,1,2,1,0,1,0,44,68,1,1,1,2
1,1,529424,37.80,48,28,1,1,1,2,1,2,1,2,0,0,1,1,46.00,5.90,2,7.00,1,2
0,1,528996,38.60,52,20,1,1,1,1,3,3,2,1,1,0,1,3,36.00,6.60,1,5.00,1,2
1,1,530693,0,0,0,3,3,3,3,5,3,3,3,2,0,4,5,46.00,5.90,0,0,2,1
0,9,5287279,0,100,44,2,1,1,1,4,1,1,0,0,0,1,0,37.00,4.70,0,0,1,2
0,1,521399,38.50,96,36,3,3,0,2,2,4,2,1,2,0,4,5,70.00,8.50,0,0,2,1
0,1,533815,38,56,44,3,3,3,0,0,1,1,2,1,0,4,0,47,70,2,1,1,2
1,1,534885,0,60,36,3,1,3,1,3,3,2,1,1,0,3,4,26,72,2,1,1,1
0,1,529483,0,0,0,1,1,3,1,1,3,1,0,0,0,2,2,43.00,7.70,0,0,1,2
1,1,528298,0,0,20,4,3,3,0,5,4,3,2,0,0,4,4,53.00,5.90,3,0,2,1
0,1,528310,38.30,88,0,0,0,6,0,0,0,0,0,0,0,0,0,0,0,0,0,2,2
0,1,534053,38.2,68,32,2,2,2,1,1,1,1,3,1,0,1,1,43,65,0,0,1,2
0,1,529615,37.80,48,16,1,1,1,1,0,1,1,2,1,0,4,3,43.00,7.50,0,0,1,2
0,1,528169,38.20,48,0,2,0,1,2,3,3,1,2,1,0,0,2,34.00,6.60,0,0,1,2
0,1,528151,38.50,100,0,3,3,5,2,4,3,4,2,1,0,4,5,0,0,0,0,3,2
1,1,529796,0,100,30,3,3,4,2,5,4,4,3,3,0,4,4,52.00,6.60,0,0,1,1
0,1,527940,36.60,42,18,3,3,2,1,1,4,1,1,1,0,0,5,52.00,7.10,0,0,2,1
1,1,529765,38.20,76,0,2,3,2,1,5,3,3,1,2,6.00,1,5,35.00,6.50,2,0.90,1,1
0,9,5299049,0,150,60,4,4,4,2,5,4,4,0,0,0,0,0,0,0,0,0,2,1
1,1,534556,38.3,80,40,0,0,6,2,4,3,1,0,2,0,1,4,67,10.2,2,1,3,1
0,1,527957,38.50,60,0,2,2,1,1,1,2,2,2,1,0,1,1,44.00,7.70,0,0,1,2
1,1,534156,38.7,34,30,2,0,3,1,2,3,0,0,0,0,0,0,33,69,0,2,3,1
1,1,535158,37.3,48,20,0,1,2,1,3,3,3,2,1,0,3,5,41,69,0,0,1,1
0,1,534197,38.0,52,16,0,0,0,0,2,0,0,0,3,1,1,1,53,86,0,0,1,1
1,9,534998,38.3,130,60,0,3,0,1,2,4,0,0,0,0,0,0,50,70,0,0,1,1
1,1,523190,0,68,14,0,0,4,1,4,0,0,0,1,4.30,0,0,0,0,2,2.80,2,1
0,1,533723,0,0,40,3,1,1,1,3,3,2,0,0,0,0,0,45,70,0,0,1,2
0,1,529777,0,52,16,1,0,3,1,0,0,0,2,3,5.50,0,0,55.00,7.20,0,0,1,2
0,1,5278332,39.00,84,12,3,1,5,1,2,4,2,1,2,7.00,0,4,62.00,5.90,2,2.20,2,1
1,1,534626,37.7,80,0,3,3,6,1,5,4,1,2,3,0,3,1,50,55,3,2,1,1
0,1,529475,37.70,96,30,3,3,4,2,5,4,4,3,2,4.00,4,5,66.00,7.50,0,0,2,1
0,1,529461,40.30,114,36,3,3,1,2,2,3,3,2,1,7.00,1,5,57.00,8.10,3,4.50,2,1
1,1,534145,38.1,88,32,3,3,4,1,2,3,3,0,3,1,4,5,55,60,0,0,3,2
1,1,529498,0,88,0,3,3,6,2,5,3,3,1,3,0,4,5,63.00,6.50,3,0,2,1
1,1,530402,0,120,0,4,3,6,2,5,4,4,0,0,0,4,5,57.00,4.50,3,3.90,2,1
0,1,528919,36.00,100,20,4,3,6,2,2,4,3,1,1,0,4,5,74.00,5.70,2,2.50,3,1
1,1,534324,38,48,0,1,1,1,1,1,2,4,2,2,0,4,5,0,0,0,0,1,1
1,1,527929,0,0,0,0,0,0,0,0,0,0,0,0,0,0,0,0,0,0,0,1,1
0,1,5290482,39.50,0,0,3,3,4,2,3,4,3,0,3,5.50,4,5,0,6.70,1,0,3,1
1,1,529528,39.20,0,23,3,1,3,1,4,4,2,2,0,0,0,0,36.00,6.60,1,3.00,1,1
1,1,533954,38.1,72,30,3,3,3,1,4,4,3,2,1,0,3,5,37,56,3,1,1,1
1,1,527916,38.30,40,18,1,1,1,1,3,1,1,0,0,0,2,1,43.00,5.90,1,0,1,2
1,1,529399,39.30,0,0,4,3,6,2,4,4,2,1,3,4.00,4,4,75.00,0,3,4.30,2,1
1,1,532349,38.4,44,24,3,0,4,0,5,4,3,2,1,0,4,5,50,77,0,0,1,1
1,1,535392,38.8,50,14,1,1,1,1,3,1,1,1,1,0,3,5,38,58,0,0,1,1
1,1,5262541,37.40,50,32,3,3,0,1,4,4,1,2,1,0,1,0,45.00,7.90,2,1.00,1,1
1,1,530612,36.50,100,24,3,3,3,1,3,3,3,3,1,0,4,4,50.00,6.00,3,3.40,1,1
1,1,534898,39.1,60,10,0,1,1,0,2,3,0,0,0,0,4,4,0,0,0,0,1,1
1,1,5281092,37.00,44,12,3,1,1,2,1,1,1,0,0,0,4,2,40.00,6.70,3,8.00,1,1
0,1,528812,0,104,24,4,3,3,2,4,4,3,0,3,0,0,2,73.00,8.40,0,0,3,1
0,1,530439,38.50,54,0,1,1,1,1,3,1,1,2,1,0,1,0,40.00,6.80,2,7.00,1,2
0,1,528248,38.00,42,40,3,1,1,1,3,3,1,0,0,0,0,0,0,0,0,0,1,2
1,9,5287179,38.10,136,48,3,3,3,1,5,1,3,2,2,4.40,2,0,33.00,4.90,2,2.90,2,1
1,1,534925,39.4,120,48,0,0,5,1,0,3,3,1,0,0,4,0,56,64,1,2,3,2
1,1,5279822,38.00,0,24,3,3,6,2,5,0,4,1,1,0,0,0,68.00,7.80,0,0,2,1
1,1,534963,0,40,0,2,1,1,1,1,3,1,1,1,0,0,5,39,56,0,0,1,1
0,9,5305129,39.50,84,30,0,0,0,1,0,0,0,0,0,0,0,0,28.00,5.00,0,0,1,2
1,1,529478,38.30,66,30,2,3,1,1,2,4,3,3,2,8.50,4,5,37.00,6.00,0,0,1,1
1,1,529640,0,64,36,2,0,2,1,5,3,3,2,2,0,0,0,42.00,7.70,0,0,2,1
1,1,533983,36.5,78,30,1,0,1,1,5,3,1,0,1,0,0,0,34,75,2,1,1,1
1,1,534111,38.5,90,0,1,1,3,1,3,3,3,2,3,2,4,5,47,79,0,0,1,1
0,1,528729,37.50,48,30,4,1,3,1,0,2,1,1,1,0,1,1,48.00,8.60,0,0,1,2
0,1,530255,37.30,104,35,0,0,6,2,0,0,0,0,0,0,0,0,74.00,7.40,0,0,2,2
0,1,528804,38.60,48,20,3,1,1,1,1,3,2,2,1,0,3,2,50.00,7.30,1,0,1,2
1,1,5299253,37.70,56,0,0,0,0,0,0,0,0,0,0,0,0,0,0,0,0,0,2,1
1,1,528964,37.80,30,12,0,0,0,0,0,0,0,0,0,0,0,0,0,0,0,0,2,1
0,1,529840,37.60,48,20,3,1,4,1,1,1,3,2,1,0,1,1,37.00,5.50,0,0,3,1
0,1,530310,0,0,0,3,3,1,1,5,3,3,1,1,0,4,5,38.00,6.50,0,0,2,1
0,1,533697,38.0,44,12,3,1,1,0,0,1,2,0,0,0,1,0,42,64,0,0,1,2
0,1,530334,38.30,40,24,1,1,3,1,3,3,1,0,0,0,1,1,33.00,6.70,0,0,1,2
0,1,532349,38,56,0,1,2,3,1,1,1,1,1,1,0,1,1,42,71,0,0,1,2
1,1,534756,37.3,40,0,0,3,1,1,2,3,2,3,1,0,3,5,36,0,3,2,1,1
1,1,534788,38.2,48,18,1,1,1,1,3,3,3,1,2,0,4,0,48,74,1,2,1,1
0,1,528926,38.00,42,12,3,0,3,1,1,0,1,0,0,0,0,2,37.00,5.80,0,0,1,2
1,1,530381,0,70,36,1,0,3,2,2,3,2,2,0,0,4,5,36.00,7.30,0,0,1,1
1,1,534618,37.2,40,20,0,0,0,0,0,0,0,0,0,0,4,1,36,62,1,1,3,2
0,1,534293,38.2,130,16,4,3,4,2,2,4,4,1,1,0,0,0,65,82,2,2,3,2
0,1,528179,38.20,42,26,1,1,1,1,3,1,2,0,0,0,1,0,36.00,6.90,0,0,1,2
1,1,530576,0,75,12,1,1,4,1,5,3,3,0,3,5.80,0,0,58.00,8.50,1,0,1,1
0,1,529597,38.10,44,40,2,1,3,1,3,3,1,0,0,0,1,3,35.00,6.80,0,0,1,2
0,1,529642,37.20,84,48,3,3,5,2,4,1,2,1,2,0,2,1,73.00,5.50,2,4.10,2,2
1,1,535130,38.2,60,30,1,1,3,1,3,3,1,2,1,0,3,2,48,66,0,0,1,1
0,1,532985,37.5,44,20,1,1,3,1,0,1,1,0,0,0,1,0,35,7.2,0,0,1,2
1,1,534686,38.6,48,20,3,1,1,1,4,3,1,0,0,0,3,0,37,75,0,0,1,1
1,1,530354,0,36,32,1,1,4,1,5,3,3,2,3,4.00,0,4,41.00,5.90,0,0,2,1
0,1,528626,38.50,54,20,0,1,2,2,3,4,1,2,2,5.90,0,2,42.00,6.30,0,0,1,2
1,9,5294539,38.80,184,84,1,0,1,1,4,1,3,0,0,0,2,0,33.00,3.30,0,0,2,1
0,1,529821,37.50,48,16,1,1,1,1,1,1,1,1,1,0,1,0,37.00,6.50,0,0,1,2
0,1,528904,0,96,0,3,3,3,2,5,4,4,1,2,0,4,5,60.00,0,0,0,2,1
0,1,528452,37.80,42,40,1,1,1,1,1,3,1,0,0,0,3,3,36.00,6.20,0,0,1,2
0,1,5275212,37.80,82,12,3,1,1,2,4,0,3,1,3,0,0,0,50.00,7.00,0,0,3,1
0,1,534157,38.5,60,40,3,1,2,1,2,1,2,0,0,0,3,2,49,59,0,0,1,2
0,1,530670,37.60,88,36,3,1,1,1,3,3,2,1,3,1.50,0,0,44.00,6.00,0,0,2,1
1,1,530366,37.60,68,32,3,0,3,1,4,2,4,2,2,6.50,1,5,47.00,7.20,1,0,1,1
0,1,530276,38.00,48,12,1,1,1,1,1,3,0,1,1,0,3,2,42.00,6.30,2,4.10,1,2
1,1,530401,37.90,68,20,0,1,2,1,2,4,2,0,0,0,1,5,45.00,4.00,3,2.80,2,1
0,1,5275211,37.90,45,36,3,3,3,2,2,3,1,2,1,0,3,0,33.00,5.70,3,0,1,1
1,1,527563,37.80,52,24,1,3,3,1,4,4,1,2,3,5.70,2,5,48.00,6.60,1,3.70,2,1
0,1,529865,38.60,68,20,2,1,3,1,3,3,2,1,1,0,1,5,38.00,6.50,1,0,1,2
1,1,534115,38.2,48,0,1,3,3,1,3,4,4,1,3,2,4,5,42,71,0,0,1,1
0,1,528977,0,0,0,0,0,0,0,0,0,0,0,0,0,0,0,0,0,0,0,1,2
1,1,534615,37.6,38,20,3,3,1,1,3,3,2,0,0,0,3,0,37,68,0,0,1,1
1,1,530239,38.40,84,30,3,1,5,2,4,3,3,2,3,6.50,4,4,47.00,7.50,3,0,2,1
0,1,534429,38.4,52,20,2,1,3,1,1,3,2,2,1,0,3,5,41,63,1,1,1,2
0,1,534719,37.5,52,12,1,1,1,1,2,3,2,2,1,0,3,5,36,61,1,1,1,2
1,9,534597,38.5,120,70,0,0,0,0,0,1,0,2,0,0,1,0,35,54,1,1,1,1
0,1,5279821,37.80,48,12,2,1,2,1,3,0,1,2,0,0,2,0,48.00,7.30,1,0,1,2
0,1,529518,37.80,60,42,0,0,0,1,0,0,0,0,0,0,0,0,0,0,0,0,1,2
0,1,535166,38.1,56,20,2,1,2,1,1,3,1,1,1,0,0,0,46,70,0,0,1,2
0,1,533793,38.9,44,14,3,1,1,1,2,3,2,0,0,0,0,2,33,64,0,0,1,2
0,1,528067,38.00,72,36,1,1,3,1,3,0,2,2,1,0,3,5,38.00,6.80,2,2.00,1,2
1,1,529812,38.70,96,28,3,3,4,1,0,4,0,0,3,7.50,0,0,64.00,9.00,0,0,2,1
1,1,529849,37.80,60,80,1,3,2,2,2,3,3,0,2,5.50,4,0,40.00,4.50,2,0,1,1
0,1,522979,36.00,42,30,0,0,5,1,0,0,0,0,0,0,0,0,64.00,6.80,0,0,2,2
1,1,527734,40.80,72,42,3,3,1,1,2,3,1,2,1,0,0,0,54.00,7.40,3,0,2,1
1,1,527698,38.40,49,0,0,0,1,1,0,0,1,2,1,0,0,0,44.00,7.60,0,0,1,1
1,1,528469,38.10,52,24,1,1,5,1,4,3,1,2,3,7.00,1,0,54.00,7.50,2,2.60,2,1
1,1,528268,37.70,55,28,2,1,2,1,2,3,3,0,3,5.00,4,5,0,0,0,0,1,1
1,1,535029,39.2,88,58,4,4,0,2,5,4,0,0,0,0,0,0,0,0,2,2,3,2
0,1,527927,39.10,72,52,2,0,2,1,2,1,2,1,1,0,4,4,50.00,7.80,0,0,1,1
0,1,530695,37.50,44,0,1,1,1,1,3,3,2,0,0,0,0,0,45.00,5.80,2,1.40,1,2
1,1,533942,38,66,20,1,3,3,1,5,3,1,1,1,0,3,0,46,46,3,2,3,1
1,9,5301219,0,128,36,3,3,4,2,4,4,3,3,0,0,4,5,53.00,7.80,3,4.70,2,2
1,1,535208,38.0,44,12,1,1,1,1,3,3,3,2,1,0,4,5,42,65,0,0,1,1
1,1,534519,37.1,84,40,3,3,6,1,2,4,4,3,2,2,4,5,75,81,0,0,3,2
1,1,533738,0,80,0,3,3,3,1,4,4,4,0,0,0,4,5,43,70,0,0,1,1
1,1,528890,38.90,80,44,3,3,3,1,2,3,3,2,2,7.00,3,1,54.00,6.50,3,0,2,1
1,9,5277409,39.20,146,96,0,0,0,0,0,0,0,0,0,0,0,0,0,0,0,0,2,1
0,1,534478,37.5,44,10,3,1,1,1,3,1,2,2,0,0,3,3,43,51,1,1,1,2
0,1,530670,37.60,88,36,3,1,1,1,3,3,2,1,3,1.50,0,0,44.00,6.00,0,0,2,1
1,1,534921,0,140,0,0,0,4,2,5,4,4,1,1,0,0,5,30,69,0,0,2,2
1,1,530034,37.00,66,20,1,3,2,1,4,3,3,1,0,0,1,5,35.00,6.90,2,0,2,1
1,1,530170,38.10,88,24,3,3,4,1,5,4,3,2,1,0,3,4,41.00,4.60,0,0,2,1
0,1,528433,38.30,44,60,0,0,1,1,0,0,0,0,0,0,0,0,6.40,36.00,0,0,1,1
1,9,534092,39.7,100,0,3,3,5,2,2,3,0,0,0,0,0,0,48,57,2,2,3,1
0,1,529493,38.30,112,16,0,3,5,2,0,0,1,1,2,0,0,5,51.00,6.00,2,1.00,3,2
0,1,528382,37.70,40,18,1,1,1,0,3,2,1,1,1,0,3,3,36.00,3.50,0,0,1,2
0,1,528355,0,0,0,2,1,3,1,2,3,2,2,1,0,3,3,0,0,0,0,1,2
1,1,530505,38.10,84,44,4,0,4,2,5,3,1,1,3,5.00,0,4,60.00,6.80,0,5.70,2,1
0,1,528305,37.80,48,14,0,0,1,1,3,0,2,1,3,5.30,1,0,35.00,7.50,0,0,1,2
1,1,527709,38.00,108,60,2,3,4,1,4,3,3,2,0,0,3,4,0,0,3,0,1,1
1,1,533836,0,100,0,3,3,4,2,0,4,4,2,1,2,0,0,68,64,3,2,1,1
0,1,528134,0,0,12,1,1,2,1,2,1,2,3,1,0,1,3,44.00,7.50,2,0,1,2
1,1,5299603,38.30,60,16,3,1,1,1,2,1,1,2,2,3.00,1,4,30.00,6.00,1,3.00,1,1
0,1,530242,37.20,108,12,3,3,4,2,2,4,2,0,3,6.00,3,3,52.00,8.20,3,7.40,3,1
1,1,529272,38.30,132,0,0,3,6,2,2,4,2,2,3,6.20,4,4,57.00,8.00,0,5.20,1,1
1,9,5297379,38.40,84,40,3,3,2,1,3,3,3,1,1,0,0,0,36.00,6.60,2,2.80,2,1
1,1,530478,38.30,44,21,3,1,2,1,3,3,3,2,1,0,1,5,44.00,6.50,2,4.40,1,1
1,1,528872,0,0,0,0,0,0,0,0,0,0,0,0,0,0,0,24.00,6.70,0,0,1,1
1,1,530233,37.60,96,48,3,1,4,1,5,3,3,2,3,4.50,4,0,45.00,6.80,0,0,2,1
0,1,518476,0,0,0,3,4,6,0,4,0,4,0,0,0,0,0,0,0,0,0,2,1
1,1,529888,37.90,60,15,3,0,4,2,5,4,4,2,2,0,4,5,65.00,7.50,0,0,1,1
0,1,533889,38.2,42,16,1,1,3,1,1,3,1,0,0,0,1,0,35,60,1,1,1,2
1,1,534523,37,56,24,3,1,4,2,4,4,3,1,1,0,0,0,35,61,3,2,3,2
1,9,5274919,38.20,78,60,4,4,6,0,3,3,3,0,0,0,1,0,59.00,5.80,3,3.10,2,1
1,1,534783,38,60,12,1,1,2,1,2,1,1,1,1,0,1,4,44,65,3,2,3,1
1,1,529126,38.00,50,36,0,1,1,1,3,2,2,0,0,0,3,0,39.00,6.60,1,5.30,1,1
1,1,529663,38.20,64,28,1,1,1,1,3,1,0,0,0,0,4,4,49.00,8.60,2,6.60,1,1
0,1,534784,37.9,72,0,1,1,5,2,3,3,1,1,3,2,3,4,58,74,1,2,1,1
0,1,530544,38.60,40,20,0,0,0,1,0,0,0,0,0,0,0,0,41.00,6.40,0,0,1,2
1,1,527706,37.40,84,36,1,0,3,2,3,3,2,0,0,0,4,5,0,0,3,0,2,1
1,1,528369,38.30,80,0,3,3,4,2,5,4,3,2,1,0,4,4,45.00,7.50,2,4.60,1,1
1,1,535292,38.5,129,48,3,3,3,1,2,4,3,1,3,2,0,0,57,66,3,2,1,1
0,1,529827,0,120,0,4,3,4,2,5,4,4,1,1,0,4,5,60.00,6.50,3,0,2,1
1,1,529960,38.10,44,9,3,1,1,1,2,2,1,1,1,0,4,5,31.00,7.30,0,0,1,2
0,1,529340,38.40,48,16,1,0,1,1,1,3,1,2,3,5.50,4,3,49.00,6.80,0,0,1,2
0,1,528729,37.50,48,30,4,1,3,1,0,2,1,1,1,0,1,1,48.00,8.60,0,0,1,2
1,1,533886,0,120,70,4,0,4,2,2,4,0,0,0,0,0,5,55,65,0,0,3,2
1,1,526802,37.90,48,16,1,1,1,1,3,3,3,1,1,0,3,5,37.00,7.00,0,0,1,1
1,1,530431,38.30,42,24,0,0,0,1,0,0,0,0,0,0,0,0,40.00,8.50,0,0,2,1
1,1,527494,37.10,60,20,2,0,4,1,3,0,3,0,2,5.00,3,4,64.00,8.50,2,0,1,1
1,1,535137,38.5,96,30,2,3,4,2,4,4,3,2,1,0,3,5,50,65,0,0,1,1
0,1,527829,38.30,54,18,3,1,2,1,2,3,2,0,3,5.40,0,4,44.00,7.20,3,0,1,2
0,1,530001,38.00,44,12,2,1,3,1,3,4,3,1,2,6.50,1,4,33.00,6.50,0,0,2,1
0,1,527950,37.60,48,36,0,0,1,1,0,3,0,0,0,0,0,0,44.00,6.30,1,5.00,1,2
1,9,5282839,38.60,160,20,3,0,5,1,3,3,4,3,0,0,4,0,38.00,0,2,0,2,1
1,1,533736,38.3,40,16,3,0,0,1,1,3,2,0,0,0,0,0,38,58,1,2,1,1
0,1,529304,38.00,54,30,2,3,3,3,3,1,2,2,2,0,0,4,45.00,6.20,0,0,1,2
0,1,530438,37.80,48,32,1,1,3,1,2,1,0,1,1,0,4,5,37.00,6.70,0,0,1,2
0,1,527465,37.40,54,18,3,0,1,1,3,4,3,2,2,0,4,5,30.00,7.10,2,0,1,1
1,1,533887,38.5,60,0,1,1,0,1,0,1,1,0,0,0,0,0,33,53,1,0,1,1
1,9,5294369,38.90,120,30,1,3,2,2,3,3,3,3,1,3.00,0,0,47.00,6.30,1,0,1,2
0,1,528590,0,56,68,3,1,1,1,3,3,1,2,1,0,1,0,40.00,6.00,0,0,3,1
0,1,534579,38.7,40,28,2,1,1,1,3,1,1,0,0,0,1,0,39,62,1,1,1,2
1,1,529424,37.80,48,28,1,1,1,1,1,2,1,2,0,0,1,1,46.00,5.90,2,7.00,1,2
1,9,5292929,0,0,0,0,0,0,0,0,0,0,0,0,0,0,0,37.00,4.90,0,0,2,1
1,1,528503,39.20,120,20,4,3,5,2,2,3,3,1,3,0,0,4,60.00,8.80,3,0,2,1
0,1,529991,37.50,48,24,3,1,1,1,2,1,0,1,1,0,3,2,43.00,6.00,1,2.80,1,2
0,1,528931,38.40,54,24,1,1,1,1,1,3,1,2,1,0,3,2,49.00,7.20,1,8.00,1,2
0,1,529703,39.00,64,40,1,1,5,1,3,3,2,2,1,0,3,3,42.00,7.50,2,2.30,1,2
0,1,528926,38.00,42,12,3,0,3,1,1,1,1,0,0,0,0,1,37.00,5.80,0,0,1,2
1,1,528638,37.70,120,28,3,3,3,1,5,3,3,1,1,0,0,0,65.00,7.00,3,0,2,1
1,1,527544,0,70,16,3,4,5,2,2,3,2,2,1,0,4,5,60.00,7.50,0,0,2,1
1,1,535240,38.1,40,36,1,2,2,1,2,2,0,0,0,0,0,0,0,0,0,0,3,1
1,1,534833,38.5,120,60,4,3,6,2,0,3,0,0,0,0,0,0,54,0,0,0,1,1
1,1,533692,38.1,60,12,3,3,3,1,0,4,3,3,2,2,0,0,51,65,0,0,1,1
0,1,530101,38.50,66,28,3,3,0,2,5,4,4,0,0,0,3,5,45.00,8.40,0,0,2,2
1,1,527883,39.30,64,90,2,3,1,1,0,3,1,1,2,6.50,1,5,39.00,6.70,0,0,1,1
1,1,521681,38.60,42,34,2,1,4,0,2,3,1,0,0,0,1,0,48.00,7.20,0,0,1,1
1,1,528630,37.80,88,22,2,1,2,1,3,0,0,2,0,0,4,0,64.00,8.00,1,6.00,2,1
1,1,5290481,37.60,64,21,1,1,2,1,2,3,1,1,1,0,2,5,40.00,7.00,1,0,1,1
1,1,528668,38.30,52,96,0,3,3,1,0,0,0,1,1,0,1,0,43.00,6.10,0,0,1,1
0,1,535054,38.6,45,16,2,1,2,1,1,1,0,0,0,0,1,1,43,58,0,0,1,2
1,1,527758,38.20,72,18,0,0,0,0,0,0,0,0,0,0,0,0,35.00,6.40,0,0,1,1
0,1,530251,38.80,50,20,3,1,1,1,1,1,1,2,1,0,3,1,42.00,6.20,0,0,1,2
0,1,529695,38.60,60,30,1,1,3,1,4,2,2,1,1,0,0,0,40.00,6.00,1,0,1,1
0,1,529172,38.20,56,40,4,3,1,1,2,4,3,2,2,7.50,0,0,47.00,7.20,1,2.50,1,2
1,1,529428,0,0,0,0,0,0,0,0,0,0,0,0,0,0,0,0,0,0,0,1,1
1,9,5289419,0,0,0,0,0,0,0,0,0,0,0,0,0,0,0,45.00,6.50,2,0,1,1
1,1,530384,38.70,0,0,3,1,3,1,5,4,2,0,0,0,0,0,33.00,6.50,2,0,1,1
1,1,529796,0,100,30,3,3,4,2,5,4,4,3,3,0,4,4,52.00,6.60,0,0,1,1
1,1,533696,38.7,60,32,4,3,2,2,4,4,4,0,0,0,4,5,53,64,3,2,3,1
0,1,529764,37.30,50,32,1,1,3,1,1,3,2,0,0,0,1,0,44.00,7.00,0,0,1,2
1,1,529160,38.00,90,30,4,3,4,2,5,4,4,0,0,0,4,5,55.00,6.10,0,0,2,1
0,1,534753,38.7,52,20,2,0,1,1,1,1,1,1,1,0,1,1,33,77,0,0,1,2
1,1,529135,37.80,40,12,1,1,1,1,1,2,1,2,1,0,1,2,38.00,7.00,0,0,1,1
1,1,528800,0,112,13,4,4,4,1,2,3,1,2,1,4.50,4,4,60.00,6.30,3,0,1,1
1,1,527933,36.80,60,28,0,0,0,0,0,0,0,0,0,0,0,0,0,0,0,10.00,2,1
1,1,526090,39.00,120,0,4,3,5,2,2,4,3,2,3,8.00,0,0,65.00,8.20,3,4.60,1,2
1,1,529736,0,52,28,3,3,4,1,3,4,3,2,1,0,4,4,37.00,8.10,0,0,1,1
1,1,530239,38.40,84,30,3,1,5,2,4,3,3,2,3,6.50,4,4,47.00,7.50,3,0,2,1
0,1,530301,38.00,60,12,3,1,3,1,3,3,1,1,1,0,2,2,47.00,7.00,0,0,1,2
1,1,529667,39.00,64,36,3,1,4,2,3,3,2,1,2,7.00,4,5,44.00,7.50,3,5.00,1,1
0,1,535314,38.7,48,24,0,0,0,0,1,1,0,1,1,0,1,0,34,63,0,0,1,2
1,1,527524,0,100,0,3,0,4,2,5,4,0,2,0,0,2,0,59.00,6.30,0,0,2,1
1,1,535364,38.2,40,16,3,3,1,1,1,3,0,0,0,0,1,1,34,66,0,0,1,2
1,1,528742,37.10,40,8,0,1,4,1,3,3,1,1,1,0,3,3,23.00,6.70,3,0,1,1
1,1,534922,0,60,40,3,0,1,1,0,4,0,3,2,0,0,5,42,72,0,0,1,1
0,1,529766,38.60,46,0,1,1,2,1,1,3,2,1,1,0,0,2,49.00,9.10,1,1.60,1,2
1,1,529629,38.20,60,0,1,0,3,1,2,1,1,1,1,0,4,4,43.00,6.20,2,3.90,1,1
1,1,529386,37.50,72,30,4,3,4,1,4,4,3,2,1,0,3,5,60.00,6.80,0,0,2,1
1,1,534403,38.2,42,20,0,0,1,1,0,3,0,0,0,0,3,0,47,60,0,0,1,2
0,1,528904,0,96,0,3,3,3,2,5,4,4,0,1,0,4,5,60.00,0,0,0,2,1
0,1,533902,38.5,40,16,1,1,1,1,2,1,1,0,0,0,3,2,37,67,0,0,1,2
1,9,5291719,38.80,124,36,3,1,2,1,2,3,4,1,1,0,4,4,50.00,7.60,3,0,2,1
0,1,529461,40.30,114,36,3,3,1,2,2,3,3,2,1,7.00,1,5,57.00,8.10,3,4.50,3,1
0,1,530319,0,84,36,0,0,3,1,0,3,1,2,1,0,3,2,44.00,8.50,0,0,1,1
1,1,534917,38.2,76,28,3,1,1,1,3,4,1,2,2,0,4,4,46,81,1,2,1,1
1,1,534787,38.0,36,16,3,1,1,1,4,2,2,3,3,2,3,0,37,75,2,1,3,2
1,1,535263,37.7,44,28,0,4,3,2,5,4,4,1,1,0,3,5,45,70,3,2,1,1
1,1,529388,0,88,40,3,3,4,2,5,4,3,3,0,0,4,5,50.00,7.70,3,1.40,2,1
0,1,534135,37.7,44,40,2,1,3,1,1,3,2,1,1,0,1,5,41,60,0,0,1,2
0,1,528299,0,44,24,1,1,1,1,3,3,1,2,1,0,0,1,0,6.30,0,0,1,2
0,1,528702,36.10,88,0,3,3,3,1,3,3,2,2,3,0,0,4,45.00,7.00,3,4.80,3,1
0,1,535246,0,80,32,3,3,2,1,2,3,3,2,1,0,3,0,50,80,0,0,1,1
0,1,533815,37.8,60,16,1,1,3,1,2,3,2,1,2,0,3,0,41,73,0,0,3,2
0,9,5305629,38.60,88,28,0,0,0,0,0,0,0,0,0,0,0,0,35.00,5.90,0,0,1,2
0,1,534790,38.0,65,40,0,1,4,2,2,0,0,0,0,0,0,5,0,0,0,0,0,1
1,1,527518,36.40,98,35,3,3,4,1,4,3,2,0,0,0,4,4,47.00,6.40,3,3.60,2,1
0,1,533885,38.3,60,20,1,1,1,2,1,3,1,0,0,0,3,0,34,66,0,0,1,2
1,1,5278331,39.30,64,90,2,3,1,1,0,3,1,1,2,0,0,0,39.00,6.70,0,0,1,1
1,1,534073,37.5,48,40,0,0,0,0,0,0,0,1,1,0,0,5,41,55,3,2,3,1
1,1,534280,38.5,104,40,3,3,0,1,4,3,4,0,0,0,0,0,0,0,0,0,1,1
1,1,529607,0,60,0,3,0,0,1,0,4,2,2,1,0,3,4,44.00,8.30,0,0,2,1
0,9,5291329,38.00,92,28,1,1,2,1,1,3,2,3,0,7.20,0,0,37.00,6.10,1,1.10,1,2
1,9,5292489,38.00,140,68,1,1,1,1,3,3,2,0,0,0,2,1,39.00,5.30,0,0,1,1
0,1,535381,38.3,42,10,1,1,1,1,1,1,1,0,0,0,0,0,38,61,0,0,1,2
1,1,534183,38.1,70,22,0,1,0,1,5,3,0,0,0,0,0,5,36,65,0,0,3,1
1,1,528183,37.60,45,12,3,1,3,1,0,2,2,2,1,0,1,4,39.00,7.00,2,1.50,1,1
0,1,528959,38.20,60,24,3,1,3,2,3,3,2,3,3,0,4,4,53.00,7.50,2,1.40,1,2
1,1,535043,39.3,100,51,4,4,6,1,2,4,1,1,3,2,0,4,66,13,3,2,3,1
1,1,528031,37.20,42,12,2,1,1,1,3,3,3,3,1,0,4,5,0,7.00,0,0,1,2
1,1,528999,37.90,120,60,3,3,3,1,5,4,4,2,2,7.50,4,5,52.00,6.60,3,1.80,2,1
1,1,528548,38.10,66,12,3,3,5,1,3,3,1,2,1,3.00,2,5,44.00,6.00,2,3.60,1,1
1,9,5274919,38.20,78,60,4,4,6,0,3,3,3,0,0,0,1,0,59.00,5.80,3,3.10,2,1
0,1,534933,38,40,25,0,1,1,1,4,3,2,1,1,0,4,0,37,69,0,0,1,2
0,9,5299629,38.30,90,0,1,0,1,1,5,3,1,2,1,0,3,0,40.00,6.20,1,2.20,1,2
1,1,528178,37.70,66,12,1,1,3,1,3,3,2,2,0,0,4,4,31.50,6.20,2,1.60,1,1
0,1,529628,38.50,60,20,1,1,5,2,2,2,1,2,1,0,2,3,63.00,7.50,2,2.30,3,2
1,1,528469,38.10,52,24,1,1,5,1,4,3,1,2,3,7.00,1,0,54.00,7.50,2,2.60,2,1
0,1,528006,0,40,16,0,0,0,1,0,0,0,0,0,0,0,0,50.00,7.00,2,3.90,3,1
1,1,534624,0,76,0,0,3,0,0,0,4,4,0,0,0,0,5,0,0,0,0,3,1
1,1,528523,38.70,76,0,1,1,5,2,3,3,2,2,2,0,4,4,50.00,8.00,0,0,1,1
1,1,535338,37.8,88,80,3,3,5,2,0,3,3,2,3,0,4,5,64,89,0,0,3,1
0,1,530051,0,80,36,3,4,3,1,4,4,4,2,1,0,3,5,38.00,6.20,0,0,3,1
0,1,528620,36.90,50,40,2,3,3,1,1,3,2,3,1,7.00,0,0,37.50,6.50,0,0,1,2
1,1,5281441,37.60,40,0,1,1,1,1,1,1,1,0,0,0,1,1,0,0,2,2.10,1,1
1,1,527916,0,0,0,0,0,0,0,4,0,0,1,1,0,0,5,35,58,2,1,1,1
1,1,528743,37.10,75,36,0,0,3,2,4,4,2,2,3,5.00,4,4,48.00,7.40,3,3.20,2,1
1,1,529427,37.20,60,0,2,1,1,1,3,3,3,2,1,0,4,5,43.00,6.60,0,0,1,1
1,1,5279441,38.00,76,18,0,0,0,2,0,0,0,0,0,0,0,0,71.00,11.00,0,0,1,1
1,1,534475,0,82,72,3,1,4,1,2,3,3,0,3,0,4,4,53,65,3,2,3,1
1,1,530526,38.30,72,30,4,3,3,2,3,3,3,2,1,0,3,5,43.00,7.00,2,3.90,1,1
0,1,527677,39.00,86,16,3,3,5,0,3,3,3,0,2,0,0,0,68.00,5.80,3,6.00,2,1
0,1,530002,39.60,108,51,3,3,6,2,2,4,3,1,2,0,3,5,59.00,8.00,2,2.60,1,2
1,1,530693,0,0,0,3,3,3,2,5,3,3,3,2,0,4,5,46.00,5.90,0,0,2,1
0,1,529567,38.70,52,0,1,1,1,1,1,3,1,0,0,0,1,3,4.00,74.00,0,0,1,2
1,1,528653,37.80,48,12,3,1,1,1,0,3,2,1,1,0,1,3,37.00,5.50,2,1.30,1,2
0,1,527642,38.40,80,60,3,2,2,1,3,2,1,2,2,0,1,1,54.00,6.90,0,0,1,2
0,1,533750,37.9,54,42,2,1,5,1,3,1,1,0,1,0,0,2,47,54,3,1,1,2
1,1,533968,0,60,30,3,3,4,2,5,4,4,1,1,0,4,0,45,70,3,2,1,1
1,1,5262543,38.50,30,18,0,0,0,0,0,0,0,0,0,0,0,0,40.00,7.70,0,0,1,1
0,1,528214,37.00,60,20,3,0,0,1,3,0,3,2,2,4.50,4,4,43.00,7.60,0,0,3,1
1,1,533847,37.8,72,0,0,3,0,1,5,3,1,0,1,0,1,1,56,80,1,2,1,1
1,1,529925,38.00,80,30,3,3,3,1,0,0,0,0,0,6.00,0,0,48.00,8.30,0,4.30,1,1
0,9,5288249,39.00,150,72,0,0,0,0,0,0,0,0,0,0,0,0,47.00,8.50,0,0.10,1,1
0,1,529183,38.60,56,32,2,1,1,1,1,1,1,2,0,0,2,0,40.00,7.00,2,2.10,1,2
0,1,532110,39.4,110,35,4,3,6,0,0,3,3,0,0,0,0,0,55,8.7,0,0,1,2
1,9,5290759,38.10,100,80,3,1,2,1,3,4,1,0,0,0,1,0,36.00,5.70,0,0,1,1
1,1,529045,38.20,52,16,1,1,2,1,1,2,1,1,1,0,1,0,43.00,8.10,0,0,1,2
1,1,535031,38.5,92,40,4,3,0,1,2,4,3,0,0,0,4,0,46,67,2,2,1,1
0,1,535415,37.7,48,0,2,1,1,1,1,1,1,1,1,0,0,0,45,76,0,0,1,2
1,1,534644,38.6,48,12,0,0,1,0,1,1,0,0,0,0,0,0,36,67,0,0,1,2
0,1,534163,37.9,88,24,1,1,2,1,2,2,1,0,0,0,4,1,37,56,0,0,1,2
1,1,514279,0,36,12,1,1,1,1,1,2,1,1,1,0,1,5,44.00,0,0,0,1,1
0,1,534491,38,60,32,1,1,0,1,3,3,0,1,1,0,0,0,50,7.0,1,1,1,2
0,1,529296,38.40,48,16,2,1,1,1,1,0,2,2,1,0,0,2,39.00,6.50,0,0,1,2
1,1,530297,0,0,0,0,0,0,0,0,0,0,0,0,0,0,0,45.00,8.70,0,0,2,1
1,1,528047,37.30,48,12,1,0,3,1,3,1,3,2,1,0,3,3,40.00,6.60,2,0,1,1
1,1,527365,38.40,80,30,4,3,1,1,3,3,3,3,3,0,4,5,32.00,6.10,3,4.30,1,1
1,1,529893,38.00,86,24,4,3,4,1,2,4,4,1,1,0,4,5,45.00,5.50,1,10.10,2,1
1,1,529729,0,104,0,3,3,5,2,2,4,3,0,3,0,4,4,69.00,8.60,2,3.40,2,1
1,1,530360,38.20,64,24,1,1,3,1,4,4,3,2,1,0,4,4,45.00,7.50,1,2.00,2,1
0,1,527664,38.30,45,20,3,3,2,2,2,4,1,2,0,0,4,0,0,0,0,0,1,2
1,1,533928,37.8,60,24,1,0,3,2,0,4,4,2,3,2,0,5,52,75,0,0,3,1
1,1,533871,37.5,72,0,2,1,1,1,2,1,1,1,1,0,1,0,35,65,2,2,3,1
0,1,528151,38.50,100,0,3,3,5,2,4,3,4,2,1,0,4,5,0,0,0,0,3,2
1,1,530526,38.30,72,30,4,3,3,2,3,3,3,2,1,0,3,5,43.00,7.00,2,3.90,1,1
1,1,530254,38.40,104,40,1,1,3,1,2,4,2,2,3,6.50,0,4,55.00,8.50,0,0,1,1
1,1,528682,39.40,54,66,1,1,2,1,2,3,2,1,1,0,3,4,39.00,6.00,2,0,1,1
1,1,5283431,38.50,66,24,1,1,1,1,3,3,1,2,1,0,4,5,40.00,6.70,1,0,1,1
1,1,5281091,38.40,92,20,1,0,0,2,0,3,3,0,0,0,1,0,0,0,0,0,1,1
0,1,529980,37.10,114,40,3,0,3,2,2,2,1,0,0,0,0,3,32.00,0,3,6.50,1,2
1,1,527807,0,0,0,3,1,1,1,2,3,3,1,3,6.00,4,4,0,0,2,0,2,1
0,1,527702,37.20,72,24,3,2,4,2,4,3,3,3,1,0,4,4,44.00,0,3,3.30,3,1
0,9,5291329,38.00,92,28,1,1,2,1,1,3,2,3,0,7.20,1,1,37.00,6.10,1,0,2,2
0,1,528247,38.00,48,20,3,3,4,1,1,4,2,2,0,5.00,0,2,49.00,8.30,1,0,1,2
1,1,534268,0,0,0,4,3,0,2,2,4,1,0,0,0,0,0,54,76,3,2,1,1
1,1,527463,37.50,96,18,1,3,6,2,3,4,2,2,3,5.00,0,4,69.00,8.90,3,0,1,1
0,1,528931,38.40,54,24,1,1,1,1,1,3,1,2,1,0,3,2,49.00,7.20,1,0,1,2
1,1,5279822,38.00,0,24,3,3,6,2,5,0,4,1,1,0,0,0,68.00,7.80,0,0,2,1
1,9,5297159,38.80,150,50,1,3,6,2,5,3,2,1,1,0,0,0,50.00,6.20,0,0,2,1
0,1,534572,38.0,48,20,3,1,3,1,4,3,1,2,1,0,3,5,43,73,2,1,0,1
1,1,530157,39.90,72,60,1,1,5,2,5,4,4,3,1,0,4,4,46.00,6.10,2,0,1,1
1,1,535085,0,65,24,0,0,0,2,5,0,4,3,1,0,0,5,0,0,0,0,3,1
1,1,528461,38.00,42,68,4,1,1,1,3,3,2,2,2,0,4,4,41.00,7.60,0,0,1,1
1,1,535196,37.3,90,40,3,0,6,2,5,4,3,2,2,0,1,5,65,50,3,2,3,1
0,1,529685,37.20,36,9,1,1,1,1,2,3,1,2,1,0,4,1,35.00,5.70,0,0,1,2
0,1,530624,40.00,78,0,3,3,5,1,2,3,1,1,1,0,4,1,66.00,6.50,0,0,2,1
0,1,535163,38.8,48,40,1,1,3,1,3,3,4,2,0,0,0,5,41,65,0,0,1,1
0,1,535176,39.5,60,10,3,0,0,2,3,3,2,2,1,0,3,0,38,56,1,0,1,2
0,1,530294,37.90,40,24,1,1,1,1,2,3,1,0,0,0,0,3,40.00,5.70,0,0,1,1
0,1,530561,0,112,24,3,3,4,2,5,4,2,0,0,0,4,0,40.00,5.30,3,2.60,1,2
1,1,5279442,0,0,0,0,0,0,0,0,0,0,0,0,0,0,0,0,0,0,0,2,2
1,1,528570,37.50,60,50,3,3,1,1,3,3,2,2,2,3.50,3,4,35.00,6.50,0,0,2,1
1,1,534069,0,120,0,3,4,4,1,4,4,4,1,1,0,0,5,52,67,2,2,3,1
